Fundamentals_Module_1_basics.ppt	26	1089 1180
RRM-training-syllabus-Chapter-3-Teamwork-TC-Towing-Incident-Analysis-Dec-2009.ppt	27	2576 2764
Thailand17.ppt	54	2625 2826
W3_Case_Study_of_a_Tsunami_Warning_Simulation_Exercise_Ed.ppt	20	812 862
architecture6.ppt	31	2544 2642
7-Zulkefli_Part147n66_IKMAS.pptx	18	973 1036
N2_E_Maestroni_Swarm_COP.pptx	30	5126 5294
OnTrac_StarCertificationProgram-3Day.pptx	15	1030 1116
Sylva%20introduction%20session.PPTX	15	1467 1562
Sylva%20introduction%20session.pptx	15	1467 1562
solog_orientation_august_2019.pptx	15	685 746
pres_ioc_phuket.ppt	26	1518 1594
16	FAILED
-	FAILED
UTM	FAILED
-	FAILED
(NASA).pptx	FAILED
Demick_JetBlue.pptx	10	608 631
WiGr_2021W_1_Angebot-Nachfrage-Elastizität-211017-171222.pptx	51	1958 2137
