(5000021142)-(subc0226)-criminology-subject-collection-list	0
00514292	0
114339-PROP-P127508-PUBLIC-PPCRNARCPPforPublication	0
16424782563923	0
18-02RD301_ILS_components_Master_9-13-18	0
2012-GA-Survey-Chapter-5-Tables-16Dec2013-V2	0
2012-GA-Survey-Chapter-6-Tables-16Dec2013-V2	0
2015-19 top 25 Arms producing companies data - to upload on website - FINAL_edit	0
2017-04-27-Lease-Transition-Records-Checklist-FINAL-1	0
2020-01-29-Lease-Transition-Records-Checklist-FINAL-1	0
2023-qhp-form-and-rate-combined-checklist-final	0
2025_Active_Civil_Airmen_Statistics_FINAL	0
4-12-Kings-Attachment-13-Application-Architecture-Security-Requirements	0
6880ac7361ca1b99a9230811_ST Capability List Rev.16 - Web	0
6f9e605c-fded-11e3-bd0e-00144feab7de	0
7-memento-2015-transports-aeriens-b	0
ACRONYM	0
AFCforPtF-Digital-Certificate-Publication-Report	0
AFS-400_Contacts	0
AIM_OPR_LIST	0
AIRBUS_station_evaluation_checklist_v2	0
AMOC-Digital-Certificate-Publication-Report	0
Air_Boss_Master_List	0
Aircraft_Database	0
Airplanes-MTOW	0
Application_Compliance_Checklist_5_Apr_2021	0
Application_for_authorisation_as_crowdfunding_service_provider	0
Aviation_Abbreviations	0
Background_Declaration_Template	0
Bulletin-37-Appendix-2-immediate-detriment-data-request	0
CIS_Debian_Linux_8_Benchmark_v1.0.0	0
CSA_CCM_v1.2	0
CSJU List of Recipients of funds 2013-2020	0
Capability_List_9-14-2022_Dallas_Combined-Aircraft_Manuf_unsorted	0
Chicago.List.2025	0
Company_Seniority_Date_Calculator	0
Computer and Software Services_50 State Comparison	0
Copy of EASA-IFP-WEBLISTNOODATA-ListsofBASAapprovals(WEB)_ListofValidUSBASAorganisations_2023-01-13-04-33-14	0
DOE-C2M2-V1.1-to-DOE-C2M2-V2.1 (1.1.0)	0
Data-Architecture-Tool-Fit-Assessment-Template	0
EASA-IFP-145Scope(WEB)_ALL_ValidF145SOA_2022-12-16-04-31-58_0	0
EASA-IFP-147Scope_WEB__ALL_Valid147SoA_2024-11-28-11-16-31	0
EASA-IFP-WEBLISTNOODATA-ListsofBASAapprovals_WEB__ListofValidBASAorganisations_2025-01-20-08-56-36	0
EASA-IFP-WEBLISTNOODATA-ListsofForeignapprovals(WEB)_NewChart_2022-08-05-03-31-32	0
EASA_PRODUCT_LIST_-_ALL	0
ECA Sinters	0
EHEST-Pre-departure-checklist-Rev.-1-06-12-2016	0
EU_145s_with_TCCA_approval_-_31.01.2025	0
Estero Rotary Awards	0
ExampleWhiteListData	0
FAA-2019-0995-0002_attachment_2	0
FMMO_NMPF_37C	0
FY2018_Q4_UAS_Sightings	0
FY2021-AIP-grants	0
FY2023-AIP-grants	0
Foreign_SA-CAT-I_and_CAT-II-III_Pub_0	0
Geo_Abschlussarbeiten	0
Global_Market_Forecast_2016-2035_Airbus_Data_Set	0
Hazard Analysis Template	0
INDEX_Digital_Transformation_Toolkits	0
Infotabelle_WLAN im Flugzeug	0
Keywords_Mapping_Graphs_and_Charts	0
Laser Report 2024 FOIA __Oct (1)	0
List of EQS securities_0	0
List-of-Members-August-2017	0
Liste-Zertifizierung-ChemKlimaschutzV-RPT	0
MajCh-Digital-Certificate-Publication-Report	0
MinCh-Digital-Certificate-Publication-Report	0
NAARMO_Mexico_RVSM_Approvals	0
NPA_21_21_Sentenced_Comments	0
NPIAS_2007_App_A	0
NPIAS_App_A	0
National-Finalists-2024-1	0
National-Reports	0
NorwegianXPensionXFundXanalysisXexportsXandXLAWS-1	0
ODs-February-2022-Airbus-Commercial-Aircraft	0
P1636e	0
PA_Delaware	0
PBN Matrix NAAs (V01)	0
PC1000	0
Part_129_Operators	0
Part_375_Operators	0
Patent Index 2024 - Top 100 applicants 2024	0
Performance	0
Praktikastellen_-_chinesischsprachiger_Kulturraum	0
Published_Issuances_2024	0
RCO_VOR_Master_List_082824	0
REDAC_SCHEDULE_RPD_135	0
REDAC_SCHEDULE_RPD_137	0
RMP 2011-2014 and Inventory	0
RPA-Budgets-FY-17-19-20	0
RPD 155 REDAC SCHEDULE 2014-04-02	0
RVSM_Non_approved_list_2025_84c0b3f4ac	0
RegChangeReport	0
SIL_TDB605	0
SIL_TDB609	0
SIL_TDB648	0
SLSA_Directory_031423	0
SSRO_Quarterly_Statistical_Bulletin_Q3201617_DATA	0
STC_WebList	0
SectorAdvisoryGroupandStrategyBoards	0
Special-Procedures_2025-07-10	0
State-Medicaid-Payment-Policies-for-Medicare-Cost-Sharing	0
T0A0D0000090006XLSE	0
TDA_Smoke-Detectors	0
TICAPCapability_Final	0
TK-Syllabus-Comparison-Document-v2	0
TOGAF9-Tool-ConfReqts-CSQ	0
Template Pilot Logbook JAR-FCL V3.0	0
Travel-Cost-Estimate-Calculator	0
UAE Type Accepted Aircraft Models	0
UASEventsNov2014-Aug2015	0
Upload__hvv_Linie_150_2023	0
VOR Candidate Discontinuance List 2026-01-08	0
WEBSITE-RESOURCE-LIST-by-CATEGORY-4-6-18-341pm	0
WG7_NCWF_Skills_Table	0
ZenithAviation_AuctionList	0
activespecs	0
afn-afn-20250801-fy25-jan25-mar25	0
aircraft_analysis-2018-06	0
aircraft_analysis_2016-04-27	0
airports_6	0
alle einzeln	0
ans_mappings_of_eccairs_terms	0
apron-area	0
arp-sop-300-Exhibit-A-Table-Templates	0
atspp_pay_tables	0
capa-liste-nse-1	0
certification-type-certificates-docs-tcdns-databases-MAdB-Light-Prop-14-28112013	0
certification-type-certificates-docs-tcdns-databases-MAdB-Rotorcraft-14-28112013	0
commander-authorisation-tasks-spreadsheet-october-2025	0
cy01_state	0
cy06_primary_np_comm	0
cy10_primary_enplanements	0
data_20121018181533	0
disclosures_ecm	0
dragon-175066A	0
e-pass-contact-details-template	0
ecopy of 2016 statistical bulletin_public finance statistics_final	0
edb-emissions-databank v27-NewFormat (web)	0
einvoice-summary-worksheet	0
environment-edb-docs-edb-emissions-databank	0
essd-16-3433-2024-t02	0
esurf-12-135-2024-t01	0
flightstandards-doc-Cross-reference-table_version02	0
flying-log-passenger-23rd-september-2014	0
fm-provider-service-measures	0
fse_identification_form	0
fy20-may20-sep20	0
fy2010-aip-grants	0
fy2011-aip-grants	0
grants-2005	0
hdss-bulletin-index-2019-2022	0
jobs-bulletin-51-22-december-2025	0
june_2025_published	0
laufende-nip-vorhaben-hyland	0
links-2026	0
npias_2009_appA	0
oltl-bulletin-59-26-03-ptr-sc-registration-form-for-oltl-approved-software	0
orbus_togaf_tool_csq	0
permit-applications-determined-july-2015	0
programs contact list as of 07-01-10	0
redac-sas-201503-fy17-research-portfolio	0
register-changes-in-may-2024---adujsted	0
sectors-defense-and-aerospace	0
seihon_zassi_kikou_20221215	0
sistem-rekod-markah-srm-_-rekod-master	0
template-ECSPR-notifications	0
tk-syllabus-comparison-document-v5	0
underlying-holdings-emea-en_gb-monthly-holdings-state-street-emu-esg-screened-index-equity-fund	0
wiley-cancelled-title-list	0
