doc	page	dLeft	dBottom	dRight	dTop	refW	refH	oH	oV	rH	rV
001_advanced_powerpoint_bar__pptx	1	+0.34	-0.12	-2.88	-0.05	491.5	320.4	0	10	0	10
002_advanced_powerpoint_column__pptx	1	+0.41	-0.12	-2.73	+0.00	496.9	314.7	10	0	10	0
003_advanced_powerpoint_line__pptx	1	+0.41	-0.12	-9.66	+0.00	480.2	314.7	10	0	10	0
006_advanced_powerpoint_area__pptx	1	+0.41	-0.12	-9.68	+0.00	496.9	314.7	10	0	10	0
009_advanced_powerpoint_bar__pptx	1	+0.34	-0.12	-2.88	-0.05	491.5	320.4	0	10	0	10
010605Vul__ppt	7	+0.04	-0.02	+0.01	-0.04	666.0	210.0	8	8	8	8
010605Vul__ppt	9	+0.00	+0.04	-0.03	+0.03	353.0	318.6	4	12	4	12
010605Vul__ppt	10	+0.04	+0.04	-0.06	+0.02	666.3	364.9	6	6	6	6
010_advanced_powerpoint_column__pptx	1	+0.41	-0.12	-2.73	+0.00	496.9	314.7	10	0	10	0
011_advanced_powerpoint_line__pptx	1	+0.41	-0.12	-9.66	+0.00	480.2	314.7	10	0	10	0
014_advanced_powerpoint_area__pptx	1	+0.41	-0.12	-9.68	+0.00	496.9	314.7	10	0	10	0
017_advanced_powerpoint_bar__pptx	1	+0.34	-0.12	-2.88	-0.05	491.5	320.4	0	10	0	10
018_advanced_powerpoint_column__pptx	1	+0.41	-0.12	-2.73	+0.00	496.9	314.7	10	0	10	0
019_advanced_powerpoint_line__pptx	1	+0.41	-0.12	-9.66	+0.00	480.2	314.7	10	0	10	0
022_5-Step_Hexagons_Puzzle_Diagram_for_PowerPoint_eda9895e__pptx	1	-0.01	-0.01	+0.01	-0.02	478.0	198.7	0	6	0	6
022_5-Step_Hexagons_Puzzle_Diagram_for_PowerPoint_eda9895e__pptx	2	-0.01	-0.01	+0.01	-0.02	478.0	198.7	0	6	0	6
022_advanced_powerpoint_area__pptx	1	+0.41	-0.12	-9.68	+0.00	496.9	314.7	10	0	10	0
025_advanced_powerpoint_bar__pptx	1	+0.34	-0.12	-2.88	-0.05	491.5	320.4	0	10	0	10
026_advanced_powerpoint_column__pptx	1	+0.41	-0.12	-2.73	+0.00	496.9	314.7	10	0	10	0
027_advanced_powerpoint_line__pptx	1	+0.41	-0.12	-9.66	+0.00	480.2	314.7	10	0	10	0
02_REDAC_New ATM briefing _March 2017v2__pptx	6	+366.53	+164.08	-11.44	+0.02	720.0	228.4	0	7	0	9
030_advanced_powerpoint_area__pptx	1	+0.41	-0.12	-9.68	+0.00	496.9	314.7	10	0	10	0
032_BCG_Growth-Share_Matrix_560d0485__pptx	1	+0.01	-0.07	+0.01	-0.02	711.3	237.8	48	24	48	24
032_BCG_Growth-Share_Matrix_560d0485__pptx	2	+0.01	-0.07	+0.01	-0.02	711.3	237.8	48	24	48	24
033_advanced_powerpoint_bar__pptx	1	+0.34	-0.12	-2.88	-0.05	491.5	320.4	0	10	0	10
062_Four-Step_Growth_Staircase_8a3ef338__pptx	1	+13.89	-0.01	-0.01	-0.04	608.7	308.2	8	4	8	8
062_Four-Step_Growth_Staircase_8a3ef338__pptx	2	+13.89	-0.01	-0.01	-0.04	608.7	308.2	8	4	8	8
064_Four-Step_Success_Cycle_30c0a917__pptx	1	+0.03	-0.04	+0.05	-0.02	586.3	1.1	4	0	4	0
064_Four-Step_Success_Cycle_30c0a917__pptx	2	+0.03	-0.04	+0.05	-0.02	586.3	1.1	4	0	4	0
078_Horizontal_Pyramid_Org_Chart_for_PowerPoint_and_Google_Slides_70ea115a__pptx	1	+0.02	-0.02	+0.00	+0.01	379.8	263.8	20	0	20	0
078_Horizontal_Pyramid_Org_Chart_for_PowerPoint_and_Google_Slides_70ea115a__pptx	2	+0.02	-0.02	+0.00	+0.01	379.8	263.8	20	0	20	0
096_Lab_Flask_Charts_for_PowerPoint_and_Google_Slides_91e3cbb5__pptx	1	+0.04	+0.02	-0.02	+0.00	266.6	163.8	0	4	0	4
096_Lab_Flask_Charts_for_PowerPoint_and_Google_Slides_91e3cbb5__pptx	2	+0.04	+0.02	-0.02	+0.00	266.6	163.8	0	4	0	4
098_Leaning_Cards_Process_dadb3738__pptx	1	+17.62	-0.01	-17.60	-0.03	124.0	251.5	4	0	4	4
098_Leaning_Cards_Process_dadb3738__pptx	2	+17.62	-0.01	-17.60	-0.03	124.0	251.5	4	0	4	4
10. Drawings, circuit diagrams and schematics__pptx	18	+0.00	+0.14	+0.03	+0.00	648.8	281.3	7	0	7	0
1200-Assigning-Club-officers__pptx	7	+0.03	-0.05	+0.02	-0.02	658.0	411.9	12	22	12	22
1200-Assigning-Club-officers__pptx	8	+0.00	-0.05	+0.02	-0.02	348.0	411.9	12	12	12	12
16 - UTM - (NASA)__pptx	5	+0.03	-0.04	+0.04	+98.50	926.5	314.2	6	0	6	0
16 - UTM - (NASA)__pptx	12	+0.02	-0.02	+0.01	+163.90	499.9	152.5	4	0	4	0
16 - UTM - (NASA)__pptx	16	-0.01	-0.01	+0.01	-0.01	387.7	433.6	4	0	4	0
16 - UTM - (NASA)__pptx	18	-0.00	-0.06	+0.02	+21.98	150.7	336.6	12	0	12	0
16 - UTM - (NASA)__pptx	19	-0.01	-0.05	+0.03	-0.04	466.0	334.7	4	4	6	4
16 - UTM - (NASA)__pptx	22	+0.03	-0.05	+0.05	+29.02	638.8	243.1	10	0	10	0
16 - UTM - (NASA)__pptx	23	+0.02	-0.04	+0.05	+0.01	905.6	143.6	6	6	6	6
16 - UTM - (NASA)__pptx	24	+1.50	-0.05	-1.45	-1.51	228.8	121.9	4	4	4	4
16 - UTM - (NASA)__pptx	26	-0.01	-0.05	+0.01	-0.03	892.0	162.7	4	4	4	4
16 - UTM - (NASA)__pptx	27	+0.02	-0.05	+0.04	-0.04	465.8	173.1	4	4	4	4
16 - UTM - (NASA)__pptx	35	+0.03	-0.04	+0.04	+98.50	926.5	314.2	6	0	6	0
171128IPAP__pptx	32	-0.24	-0.41	+0.41	+0.25	531.4	335.1	8	7	8	8
171128IPAP__pptx	33	-0.27	-0.24	+0.40	+0.57	579.3	278.7	9	0	10	0
171128IPAP__pptx	34	-0.86	-0.69	+1.01	+0.73	504.6	247.1	11	0	12	0
171128IPAP__pptx	35	-0.35	-0.26	+0.40	+0.33	545.2	250.5	11	0	11	0
171128IPAP__pptx	36	+0.03	-0.07	+0.07	-0.03	485.7	184.4	11	8	12	10
171128IPAP__pptx	37	+0.00	-3.00	+0.04	-0.42	468.0	199.8	7	8	8	10
171128IPAP__pptx	38	+0.01	-2.88	+0.07	-0.39	495.9	185.6	12	12	13	14
171128IPAP__pptx	39	+1.23	-0.08	+9.23	-0.04	278.7	351.7	9	0	9	0
171128IPAP__pptx	40	+0.02	-0.04	+0.08	-0.05	292.4	316.0	12	14	14	16
1_Country-Updates_DRC_English__pptx	4	+0.04	-0.05	+0.05	-0.04	435.1	268.3	4	4	4	4
1_Country-Updates_DRC_English__pptx	5	+0.01	+0.01	+0.01	+0.02	171.8	29.3	4	0	4	0
1_Country-Updates_DRC_English__pptx	12	+0.00	-0.10	+0.05	-0.05	549.9	205.0	8	0	8	0
1_Country-Updates_DRC_English__pptx	13	+4.28	+4.36	-0.01	-0.05	579.4	246.4	9	0	9	0
1_Country-Updates_DRC_English__pptx	14	+4.17	+3.76	-15.22	+0.08	616.7	225.7	11	0	11	0
2014BSA_Sunday_Killion__pptx	8	+0.00	+0.02	-0.00	+0.02	472.1	267.9	4	0	9	0
2014BSA_Sunday_Killion__pptx	11	+17.83	+0.02	-373.41	-161.05	448.6	266.0	0	6	7	6
2014BSA_Sunday_Killion__pptx	13	+81.89	+36.98	-122.58	-142.78	383.9	258.9	4	0	7	0
2014BSA_Sunday_Killion__pptx	14	+95.18	+0.27	-63.64	-0.83	378.3	253.6	0	6	8	6
2014BSA_Sunday_Killion__pptx	20	+0.01	-0.02	+0.02	-0.02	462.5	255.8	4	4	8	4
2014BSA_Sunday_Killion__pptx	29	+0.01	+0.00	-0.01	-0.00	561.1	269.2	8	0	8	0
2014BSA_Sunday_Killion__pptx	38	-0.02	+0.01	-0.00	+0.00	436.1	247.7	4	0	13	0
2015-Civil-Rights-Website-training__ppt	24	-0.02	-0.00	-0.04	+0.01	291.6	137.3	8	0	8	0
2015-Civil-Rights-Website-training__ppt	48	+0.49	-5.71	-0.48	+0.00	583.0	268.0	6	0	6	0
2015-Civil-Rights-Website-training__ppt	81	+0.01	+0.02	-0.01	+0.00	253.5	227.8	9	0	9	0
30-04-2021 merged NDoH and NICD_Presentation HBV BD meeting 05May2021_1__pptx	4	+0.00	+0.01	+0.05	+0.01	632.8	319.0	7	6	7	6
30-04-2021 merged NDoH and NICD_Presentation HBV BD meeting 05May2021_1__pptx	5	+0.01	-0.01	+0.05	-0.01	632.8	316.7	6	6	6	6
3492__pptx	3	+0.01	-0.09	+0.06	-0.04	395.8	169.2	14	0	14	0
3492__pptx	5	+0.03	-0.03	+0.03	-0.03	168.2	283.5	0	4	0	4
3492__pptx	9	-57.99	+27.06	+22.43	-58.04	204.0	146.9	4	0	0	4
3492__pptx	13	+0.03	-0.07	+0.06	-0.04	720.0	251.8	4	4	4	4
3492__pptx	14	+0.04	-0.07	+0.06	-0.04	719.6	272.4	4	4	4	4
3492__pptx	15	+8.14	-0.02	-0.02	-0.03	705.3	81.4	8	4	8	8
3492__pptx	20	-0.01	-0.05	+0.01	+136.04	669.0	113.4	4	0	4	0
7-Zulkefli_Part147n66_IKMAS__pptx	3	+89.94	+14.17	-107.26	-225.86	290.2	276.3	4	0	6	4
7-Zulkefli_Part147n66_IKMAS__pptx	4	+0.01	-0.01	+0.05	+0.01	52.3	57.9	0	4	0	4
7-Zulkefli_Part147n66_IKMAS__pptx	5	-0.01	-0.05	+0.03	+12.20	140.9	69.5	8	0	8	0
7-Zulkefli_Part147n66_IKMAS__pptx	6	+0.03	-0.04	+0.08	+8.95	636.0	174.4	18	0	18	0
7-Zulkefli_Part147n66_IKMAS__pptx	9	-0.00	-0.05	+0.02	-0.00	684.5	126.2	0	6	0	6
7-Zulkefli_Part147n66_IKMAS__pptx	10	-0.01	+22.28	+0.17	+0.01	548.6	320.2	22	0	22	0
7-Zulkefli_Part147n66_IKMAS__pptx	12	+0.02	-0.06	+0.05	-0.04	612.0	264.2	25	4	25	4
7-Zulkefli_Part147n66_IKMAS__pptx	15	+0.00	-0.09	+0.05	-0.01	600.8	356.4	28	0	28	0
71393_pp7__ppt	8	-117.61	-63.94	-0.03	-0.03	34.7	67.7	6	6	0	6
71393_pp7__ppt	17	-0.00	+0.00	+0.02	+0.01	477.9	294.6	15	20	15	20
71393_pp7__ppt	18	+0.01	+0.01	-0.03	+0.01	438.2	331.9	6	8	6	8
71393_pp7__ppt	19	+0.02	+0.01	+0.01	-0.01	438.2	331.9	6	8	6	8
71393_pp7__ppt	28	+0.03	+0.00	+0.04	-0.02	444.0	264.0	8	8	8	8
71393_pp7__ppt	29	+0.03	+0.00	+0.04	-0.02	444.0	264.0	8	8	8	8
71393_pp7__ppt	30	+0.03	+0.00	+0.04	-0.02	444.0	264.0	8	8	8	8
71393_pp7__ppt	31	+0.03	+0.00	+0.04	-0.02	282.0	174.0	6	6	6	6
71393_pp7__ppt	32	+0.03	+0.00	+0.04	-0.02	282.0	174.0	6	6	6	6
8.16_AOD_FINAL_Provider_Training_Presentation_9_2009__ppt	12	-0.01	+0.01	+0.02	+12.01	288.0	0.0	4	0	4	0
8.16_AOD_FINAL_Provider_Training_Presentation_9_2009__ppt	66	+0.04	-0.04	+0.02	+5.96	138.0	252.0	4	0	4	0
8.16_AOD_FINAL_Provider_Training_Presentation_9_2009__ppt	88	+0.03	+0.00	+0.00	-0.01	72.0	42.0	0	4	0	4
8.16_AOD_FINAL_Provider_Training_Presentation_9_2009__ppt	90	+0.03	-0.04	+0.02	-0.02	294.0	78.0	0	4	0	4
8_P-Pavese_AIRBUS-ATB-journee-CRATB__pptx	3	+0.01	+0.08	+0.02	-0.00	246.6	111.0	6	0	6	0
8_P-Pavese_AIRBUS-ATB-journee-CRATB__pptx	9	-157.48	-9.05	+202.52	+112.91	360.0	281.3	6	5	6	6
8_P-Pavese_AIRBUS-ATB-journee-CRATB__pptx	11	+0.01	+0.27	+0.03	+0.01	416.6	238.8	12	4	12	4
8_P-Pavese_AIRBUS-ATB-journee-CRATB__pptx	14	+0.01	+14.30	+0.10	+0.01	422.6	353.7	13	5	13	5
8_P-Pavese_AIRBUS-ATB-journee-CRATB__pptx	15	+0.03	+0.06	+0.08	+1.20	318.2	213.3	5	11	5	11
8_P-Pavese_AIRBUS-ATB-journee-CRATB__pptx	16	-416.95	-82.24	-287.33	-30.50	230.6	104.8	8	0	12	0
8_P-Pavese_AIRBUS-ATB-journee-CRATB__pptx	22	-0.00	+0.40	+0.06	+0.00	311.7	432.6	15	5	15	5
97936__pptx	3	-0.01	+0.02	+0.05	+0.00	620.4	168.1	6	5	6	5
97936__pptx	4	+0.01	+43.40	+0.06	+0.01	623.1	309.8	5	0	5	0
97936__pptx	9	+0.01	+0.33	+0.05	+0.00	582.5	315.6	8	5	8	5
97936__pptx	13	-0.01	-0.18	+0.04	-0.01	664.0	362.5	14	5	14	5
97936__pptx	14	-0.01	-0.26	+0.06	+0.00	847.4	402.0	16	6	16	6
AATF-Fact-Sheet-2025__pptx	6	-0.01	-26.92	+0.08	-0.01	620.6	415.9	4	0	6	0
Airport Planning 09112013__ppt	2	-0.01	+0.06	-0.07	+0.00	160.2	151.8	9	4	9	4
BHCA Part II webinar #2 - 10.2020__pptx	10	+0.01	+0.00	+0.01	-0.02	765.7	37.2	4	0	4	0
BMFE-06-03 (Gerflor) Smoke Density and Toxicity__pptx	2	-0.01	+8.33	+0.04	-0.00	908.4	377.5	10	7	10	7
BMFE-06-03 (Gerflor) Smoke Density and Toxicity__pptx	3	-0.01	+5.08	+0.13	+0.00	903.7	443.5	10	7	10	7
COMSTAC_11_5_2021am_2__pptx	35	-0.02	-0.23	+0.06	+0.03	880.9	292.0	20	5	20	5
County ACHS Presentaion Webinar 8-16-16 Peg__pptx	12	-0.00	-0.02	+0.03	-0.00	792.0	298.4	4	4	4	4
County ACHS Presentaion Webinar 8-16-16 Peg__pptx	14	+24.36	-0.03	+0.01	-0.06	921.0	146.1	8	4	8	8
County ACHS Presentaion Webinar 8-16-16 Peg__pptx	15	+20.79	-0.03	+0.00	-0.06	934.5	160.5	12	6	12	12
Course Selection 2025-26 Current Grade 09__pptx	4	+0.01	+0.02	+0.01	-0.02	574.9	296.0	4	0	4	0
Course Selection 2025-26 Current Grade 09__pptx	10	+9.59	-9.62	-9.59	+9.54	372.3	364.3	6	0	0	6
Curriculum-Schematic-E22-11052025__pptx	1	+0.00	-0.06	+0.02	-0.01	803.3	374.8	12	12	12	12
Curriculum-Schematic-E22-11052025__pptx	2	+0.03	-0.07	+0.02	-0.01	803.3	381.0	12	14	12	14
Curriculum-Schematic-E22-11052025__pptx	3	+0.00	-0.07	+0.04	-0.01	805.2	382.5	12	16	12	16
Curriculum-Schematic-E22-11052025__pptx	4	+0.00	-0.06	+0.03	-0.01	814.5	372.2	10	10	10	10
Curriculum-Schematic-E22-11052025__pptx	5	+0.00	-0.04	+0.07	-0.01	806.6	358.5	6	14	6	14
Curriculum-Schematic-E22-11052025__pptx	6	+0.03	-0.08	+0.02	-0.01	803.3	389.0	12	14	12	14
Curriculum-Schematic-E22-11052025__pptx	7	+0.03	-0.04	+0.04	-0.01	805.3	358.5	6	12	6	12
Curriculum-Schematic-E22-11052025__pptx	8	+0.03	-0.05	+0.06	+82.76	128.9	77.8	4	0	4	0
Curriculum-Schematic-E22-11052025__pptx	9	+0.03	-0.02	+0.07	+82.04	824.8	272.2	12	0	12	0
Curriculum-Schematic-E22-11052025__pptx	10	+0.03	-0.03	+0.04	-76.87	824.8	272.0	0	4	6	4
Curriculum-Schematic-E22-11052025__pptx	11	+0.03	-0.02	+0.06	+82.04	824.0	273.0	12	0	12	0
Curriculum-Schematic-E22-11052025__pptx	12	-0.01	-0.02	+0.03	+0.00	488.0	353.7	6	4	6	4
DOE Interactive Exercise Presentation draft rev 2__pptx	4	+0.01	+0.02	+0.01	-0.02	607.1	112.8	50	0	50	0
DOE Interactive Exercise Presentation draft rev 2__pptx	5	+0.03	+0.00	+0.01	-0.02	220.6	157.5	15	0	15	0
DOE Interactive Exercise Presentation draft rev 2__pptx	6	-0.00	-0.05	+0.02	+31.57	160.4	199.2	4	0	4	0
DOE Interactive Exercise Presentation draft rev 2__pptx	8	+0.03	+0.00	+0.00	-0.01	607.1	112.8	50	0	50	0
DOE Interactive Exercise Presentation draft rev 2__pptx	9	+0.01	-0.04	+0.01	+31.29	142.7	127.1	4	0	4	0
DOE Interactive Exercise Presentation draft rev 2__pptx	10	+0.03	-0.03	+0.02	-0.01	370.6	257.4	7	0	7	0
Demick_JetBlue__pptx	4	+5.69	+5.54	-0.09	+1.08	459.2	181.8	37	43	37	44
Demick_JetBlue__pptx	5	+2.95	+31.44	+0.98	+0.65	496.2	187.0	37	52	37	53
Demick_JetBlue__pptx	6	+2.77	+4.90	-11.75	+1.12	502.4	202.6	32	14	32	15
Demick_JetBlue__pptx	7	+3.30	+5.57	-1.10	+1.65	397.4	160.1	47	43	47	45
Demick_JetBlue__pptx	8	+4.30	+4.89	+2.00	+1.65	468.5	180.9	42	15	42	16
EG1_dsrc tech__ppt	22	+0.01	+0.06	-0.04	+0.04	522.9	216.5	16	4	16	4
Ensemble-pour-l-amelioration-de-la-securite-de-lac-AIRBUS__pptx	2	-0.01	+0.01	+0.15	-0.01	520.5	68.8	0	9	0	9
Ensemble-pour-l-amelioration-de-la-securite-de-lac-AIRBUS__pptx	4	+10.47	-0.03	+0.04	-0.01	680.3	326.6	10	5	10	10
Ensemble-pour-l-amelioration-de-la-securite-de-lac-AIRBUS__pptx	5	+0.04	-0.03	+0.03	-0.05	660.6	337.6	10	0	10	0
FAAAIandtheArtandScienceofV&Vfinal__pptx	2	-0.01	-0.04	+0.01	+0.01	661.4	76.2	0	4	0	4
FAAAIandtheArtandScienceofV&Vfinal__pptx	7	+3.36	+3.00	+1.01	+0.91	341.0	154.1	9	9	9	9
FAAAIandtheArtandScienceofV&Vfinal__pptx	9	-0.01	-0.04	+0.01	+0.01	661.4	76.2	0	4	0	4
FAAAIandtheArtandScienceofV&Vfinal__pptx	18	-0.01	-0.04	+0.01	+0.01	661.4	76.2	0	4	0	4
FAAAIandtheArtandScienceofV&Vfinal__pptx	27	-0.01	-0.04	+0.01	+0.01	661.4	76.2	0	4	0	4
FAAAIandtheArtandScienceofV&Vfinal__pptx	28	-0.01	-0.04	+0.01	+0.01	661.4	76.2	0	4	0	4
FAAAIandtheArtandScienceofV&Vfinal__pptx	29	-0.01	-0.04	+0.01	+0.01	661.4	76.2	0	4	0	4
FAAAIandtheArtandScienceofV&Vfinal__pptx	30	-0.01	-0.04	+0.01	-0.01	661.4	76.8	0	6	0	6
FAA_Form_337__ppt	8	-0.02	+0.01	-0.02	+0.01	412.5	501.4	4	0	4	0
FAA_Form_337__ppt	11	+0.01	-0.01	+0.01	+0.01	707.8	528.0	6	0	6	0
FAA_Form_337__ppt	15	-0.00	-0.01	-0.01	+37.98	698.0	294.0	4	0	4	0
FAA_Form_337__ppt	16	-0.00	-0.01	-0.01	+37.98	698.0	294.0	4	0	4	0
FAA_Form_337__ppt	17	-0.00	-0.01	-0.01	+37.98	698.0	294.0	4	0	4	0
FAA_Form_337__ppt	30	-0.00	-0.02	+0.01	-0.00	412.5	501.4	4	0	4	0
FAA_Form_337__ppt	61	+0.01	-0.01	+0.01	+31.36	101.3	189.8	6	0	6	0
FIT26-Presentation-PR-Briefing-Debrief-Airbus__pptx	2	+0.01	+0.00	+0.06	+0.00	946.8	58.4	0	4	0	4
FIT26-Presentation-PR-Briefing-Debrief-Airbus__pptx	3	+0.01	+0.00	+0.06	+0.00	946.8	58.4	0	4	0	4
FIT26-Presentation-PR-Briefing-Debrief-Airbus__pptx	4	+0.01	+0.04	+0.06	+0.00	946.8	73.8	0	4	0	4
FIT26-Presentation-PR-Briefing-Debrief-Airbus__pptx	5	+0.01	+0.00	+0.06	+0.00	946.8	58.4	0	4	0	4
FIT26-Presentation-PR-Briefing-Debrief-Airbus__pptx	6	+0.01	+0.00	+0.06	+0.00	946.8	58.4	0	4	0	4
FIT26-Presentation-PR-Briefing-Debrief-Airbus__pptx	7	+0.01	+0.00	+0.06	+0.00	946.8	58.4	0	4	0	4
FIT26-Presentation-PR-Briefing-Debrief-Airbus__pptx	8	+0.01	+0.00	+0.06	+0.00	946.8	58.4	0	4	0	4
Fundamentals_Module_1_basics__ppt	16	-0.01	-0.02	+0.01	+0.01	262.3	305.3	4	4	4	4
Fundamentals_Module_1_basics__ppt	17	+0.02	-0.03	+0.02	+101.36	555.0	176.1	8	6	8	6
Fundamentals_Module_1_basics__ppt	22	+0.02	-0.02	+0.01	+39.12	473.6	113.0	6	0	6	0
Fundamentals_Module_1_basics__ppt	23	+0.04	+0.01	+0.02	-0.03	374.5	212.5	4	6	0	6
HENTZEN_COMPOSITE_MATERIALS_IN_THE_AEROSPACE_INDUSTRY__pptx	5	+0.01	-0.02	+0.06	+0.01	609.7	316.5	6	0	6	0
Intersil_Italy_CAN_Bus_Transceiver_Presentation_Final__pptx	4	-0.02	+0.01	-0.01	+0.01	497.4	83.9	6	6	6	6
Intersil_Italy_CAN_Bus_Transceiver_Presentation_Final__pptx	6	-0.01	+0.01	+0.00	-0.01	223.1	154.3	4	4	4	4
Intersil_Italy_CAN_Bus_Transceiver_Presentation_Final__pptx	11	-0.01	+0.24	+0.06	+0.01	769.4	461.7	12	4	12	4
Intersil_Italy_CAN_Bus_Transceiver_Presentation_Final__pptx	19	+104.46	-11.90	+0.04	-9.83	682.2	336.4	26	13	23	26
Intersil_Italy_CAN_Bus_Transceiver_Presentation_Final__pptx	21	-0.00	+0.00	+0.01	+0.02	286.0	76.2	4	0	4	0
Intersil_Italy_CAN_Bus_Transceiver_Presentation_Final__pptx	23	+0.01	-0.38	+0.09	+0.01	867.5	308.6	19	8	19	8
John_Broggio__RSS_Campion_event_John_Broggio__pptx	6	+11.72	-11.68	-11.66	+11.64	341.7	102.3	4	0	0	4
N2_E_Maestroni_Swarm_COP__pptx	7	+15.60	-21.65	+8.56	-0.89	590.1	383.4	0	128	0	132
N2_E_Maestroni_Swarm_COP__pptx	8	+0.01	-0.19	+0.16	-0.00	711.9	438.9	14	10	14	10
N2_E_Maestroni_Swarm_COP__pptx	11	+0.01	-0.05	+0.06	-0.01	689.0	375.8	11	4	11	4
N2_E_Maestroni_Swarm_COP__pptx	15	+0.00	-0.05	+0.05	+0.00	669.4	200.1	9	5	9	5
N2_E_Maestroni_Swarm_COP__pptx	16	+0.01	-0.12	+0.07	-0.01	681.7	290.8	9	5	9	5
N2_E_Maestroni_Swarm_COP__pptx	18	+0.01	-0.07	+0.05	-0.01	692.6	115.7	4	5	4	5
N2_E_Maestroni_Swarm_COP__pptx	19	-0.01	-0.00	+0.06	+0.00	695.9	371.4	11	5	11	5
N2_E_Maestroni_Swarm_COP__pptx	21	-0.00	-0.08	+0.03	+0.01	679.7	369.8	8	5	8	5
N2_E_Maestroni_Swarm_COP__pptx	23	+0.01	-0.08	+0.10	-0.02	637.5	271.9	7	5	7	5
N2_E_Maestroni_Swarm_COP__pptx	28	+0.00	-0.10	+0.06	+0.01	720.8	445.6	9	5	9	5
NAS-Infrastructure-Roadmaps-HSI__pptx	4	+0.01	-0.00	-0.03	-0.02	812.1	452.3	10	30	10	30
NAS-Infrastructure-Roadmaps-HSI__pptx	5	-62.24	-0.00	-40.17	-0.02	856.0	452.3	10	30	5	30
NAS-Infrastructure-Roadmaps-HSI__pptx	6	-0.00	-0.02	+0.07	+0.00	861.8	493.2	4	30	4	30
NAS-Infrastructure-Roadmaps-HSI__pptx	7	+0.01	-0.14	+0.04	+0.01	792.8	205.0	7	0	7	0
NAS-Infrastructure-Roadmaps-HSI__pptx	8	+0.00	-0.04	+0.02	+0.01	843.5	481.8	7	0	7	0
NAS-Infrastructure-Roadmaps-HSI__pptx	9	+0.00	+0.01	-0.06	+0.02	887.4	119.9	6	5	6	5
NAS-Infrastructure-Roadmaps-Weather__pptx	4	+0.02	-0.00	+0.01	-0.02	851.6	452.3	18	30	18	30
NAS-Infrastructure-Roadmaps-Weather__pptx	5	+0.03	-0.00	-0.03	-0.02	881.3	454.3	16	30	16	30
NAS-Infrastructure-Roadmaps-Weather__pptx	6	+0.01	-6.38	+0.06	-0.02	945.9	459.8	10	30	10	30
NAS-Infrastructure-Roadmaps-Weather__pptx	7	-0.00	-0.02	+0.07	+0.00	861.8	493.2	4	30	4	30
NAS-Infrastructure-Roadmaps-Weather__pptx	8	+0.01	+0.01	+0.04	-0.01	792.8	426.3	6	0	6	0
NAS-Infrastructure-Roadmaps-Weather__pptx	9	+0.01	-0.02	+0.04	-0.01	792.8	400.0	7	0	7	0
NAS-Infrastructure-Roadmaps-Weather__pptx	10	+0.01	+0.06	+0.04	-0.01	792.8	324.2	7	0	7	0
NAS-Infrastructure-Roadmaps-Weather__pptx	11	+0.00	+0.01	-0.06	+0.00	887.4	238.1	18	5	18	5
NAS-Infrastructure-Roadmaps-v16.0__pptx	4	+0.01	-0.02	-0.05	-0.01	658.8	378.6	41	0	41	0
NAS-Infrastructure-Roadmaps-v16.0__pptx	5	+0.01	-0.02	-0.01	-0.02	659.0	345.6	34	0	34	0
NAS-Infrastructure-Roadmaps-v16.0__pptx	7	-42.68	-0.00	-26.09	-0.02	614.4	452.3	22	30	20	30
NAS-Infrastructure-Roadmaps-v16.0__pptx	8	+0.02	-4.26	-0.01	+0.00	639.6	455.0	34	30	17	30
NAS-Infrastructure-Roadmaps-v16.0__pptx	9	+0.04	-0.00	-0.01	-0.02	640.7	452.3	18	30	9	30
NAS-Infrastructure-Roadmaps-v16.0__pptx	10	+0.04	-0.00	-0.01	-0.02	646.1	452.3	22	30	11	30
NAS-Infrastructure-Roadmaps-v16.0__pptx	11	+0.03	-0.00	-0.01	-0.02	585.4	452.3	10	30	10	30
NAS-Infrastructure-Roadmaps-v16.0__pptx	12	+0.04	-0.02	-0.61	+0.00	622.7	493.2	4	30	4	30
NAS-Infrastructure-Roadmaps-v16.0__pptx	13	+0.01	-0.04	+0.04	+6.23	671.7	458.1	8	30	8	30
NAS-Infrastructure-Roadmaps-v16.0__pptx	14	+0.04	-0.02	-0.61	+0.00	622.7	493.2	4	30	4	30
NAS-Infrastructure-Roadmaps-v16.0__pptx	15	-0.01	+0.29	+0.04	+0.01	647.4	476.7	8	0	8	0
NAS-Infrastructure-Roadmaps-v16.0__pptx	16	+0.01	-0.01	-0.01	-0.02	649.4	428.4	16	7	16	7
NAS-Infrastructure-Roadmaps-v16.0__pptx	18	-66.56	-0.00	-0.01	+2.61	584.9	452.3	12	30	6	30
NAS-Infrastructure-Roadmaps-v16.0__pptx	19	+0.01	-1.31	-0.01	-0.02	651.6	452.3	24	30	12	30
NAS-Infrastructure-Roadmaps-v16.0__pptx	20	+0.04	-0.00	-0.01	-0.02	644.3	452.3	14	30	7	30
NAS-Infrastructure-Roadmaps-v16.0__pptx	21	+0.01	-0.00	-0.01	-0.02	651.6	452.3	18	30	9	30
NAS-Infrastructure-Roadmaps-v16.0__pptx	22	-0.01	-0.00	-0.01	-0.02	651.4	452.3	12	30	6	30
NAS-Infrastructure-Roadmaps-v16.0__pptx	23	-0.00	+0.05	+0.03	+0.01	652.6	220.8	7	0	7	0
NAS-Infrastructure-Roadmaps-v16.0__pptx	24	+0.01	-0.01	-0.01	-0.02	649.4	457.5	17	7	17	7
NAS-Infrastructure-Roadmaps-v16.0__pptx	25	+0.01	-0.01	-0.01	-0.02	649.4	171.7	7	7	7	7
NAS-Infrastructure-Roadmaps-v16.0__pptx	27	+90.06	-20.63	+0.43	+14.71	711.6	457.9	4	30	8	30
NAS-Infrastructure-Roadmaps-v16.0__pptx	28	+0.01	-0.00	-0.01	-0.02	647.9	452.3	24	30	12	30
NAS-Infrastructure-Roadmaps-v16.0__pptx	29	+0.01	-14.08	+0.05	+0.01	649.8	537.9	4	0	4	0
NAS-Infrastructure-Roadmaps-v16.0__pptx	30	+0.01	-0.01	-0.01	-0.02	649.4	371.4	14	7	14	7
NAS-Infrastructure-Roadmaps-v16.0__pptx	32	+0.02	-0.00	-0.01	-0.02	651.4	452.3	16	30	8	30
NAS-Infrastructure-Roadmaps-v16.0__pptx	33	-0.01	-0.00	-0.01	-0.02	651.9	452.3	52	30	32	30
NAS-Infrastructure-Roadmaps-v16.0__pptx	34	+0.01	-0.77	-0.01	-0.02	647.9	452.3	30	30	15	30
NAS-Infrastructure-Roadmaps-v16.0__pptx	35	+0.01	-0.00	-0.01	-0.02	584.4	452.3	8	30	8	30
NAS-Infrastructure-Roadmaps-v16.0__pptx	36	+0.00	+0.18	+0.03	+0.01	648.8	367.9	11	0	11	0
NAS-Infrastructure-Roadmaps-v16.0__pptx	37	+0.01	-0.01	-0.01	-0.02	649.4	457.5	17	7	17	7
NAS-Infrastructure-Roadmaps-v16.0__pptx	38	+0.01	-0.01	-0.01	-0.02	649.4	457.5	17	7	17	7
NAS-Infrastructure-Roadmaps-v16.0__pptx	39	+0.01	-0.02	-0.01	-0.02	649.4	457.6	17	7	17	7
NAS-Infrastructure-Roadmaps-v16.0__pptx	42	+0.00	-0.00	-0.01	-0.02	652.1	452.3	22	30	11	30
NAS-Infrastructure-Roadmaps-v16.0__pptx	43	+0.87	-0.00	-0.01	-0.02	649.2	452.3	14	30	12	30
NAS-Infrastructure-Roadmaps-v16.0__pptx	44	+0.00	-0.00	-0.01	-0.02	651.7	452.3	24	30	12	30
NAS-Infrastructure-Roadmaps-v16.0__pptx	45	-0.01	-0.00	-0.01	-0.02	656.1	452.3	10	30	5	30
NAS-Infrastructure-Roadmaps-v16.0__pptx	46	+0.04	-0.02	-0.61	+0.00	622.7	493.2	4	30	4	30
NAS-Infrastructure-Roadmaps-v16.0__pptx	47	-0.01	+0.18	+0.04	+0.01	647.8	264.2	8	0	8	0
NAS-Infrastructure-Roadmaps-v16.0__pptx	48	+0.01	-0.01	-0.01	-0.02	649.4	457.5	17	7	17	7
NAS-Infrastructure-Roadmaps-v16.0__pptx	49	+0.01	+0.01	-0.01	-0.02	649.4	285.8	11	7	11	7
NAS-Infrastructure-Roadmaps-v16.0__pptx	51	+0.01	-3.00	-0.01	-0.02	651.4	452.3	16	30	8	30
NAS-Infrastructure-Roadmaps-v16.0__pptx	52	+0.01	-5.38	+0.05	-0.02	696.9	452.3	6	30	6	30
NAS-Infrastructure-Roadmaps-v16.0__pptx	53	+0.04	-0.00	-0.01	-0.02	585.4	452.3	18	30	18	30
NAS-Infrastructure-Roadmaps-v16.0__pptx	54	+0.04	-0.07	+0.06	+5.85	639.8	458.1	10	30	10	30
NAS-Infrastructure-Roadmaps-v16.0__pptx	55	+0.01	+0.01	-0.01	-0.02	649.4	285.8	11	7	11	7
NAS-Infrastructure-Roadmaps-v16.0__pptx	57	+0.02	-0.00	+0.05	-0.02	594.8	452.3	22	30	22	30
NAS-Infrastructure-Roadmaps-v16.0__pptx	58	-66.54	-0.00	-9.96	-0.02	594.8	452.3	12	30	14	30
NAS-Infrastructure-Roadmaps-v16.0__pptx	59	-0.01	-0.00	-0.01	-0.02	651.3	452.3	18	30	9	30
NAS-Infrastructure-Roadmaps-v16.0__pptx	60	-0.01	-0.00	-0.01	-0.02	651.3	452.3	28	30	14	30
NAS-Infrastructure-Roadmaps-v16.0__pptx	61	+0.00	-0.09	+0.03	+0.01	648.8	181.8	5	0	5	0
NAS-Infrastructure-Roadmaps-v16.0__pptx	62	+0.01	-0.00	-0.01	-0.02	649.4	200.2	8	7	8	7
NAS-Infrastructure-Roadmaps-v16.0__pptx	64	-0.00	-0.02	+0.01	+5.75	694.8	457.6	8	30	8	30
NAS-Infrastructure-Roadmaps-v16.0__pptx	65	-0.01	-0.04	+0.02	+6.20	694.6	459.1	6	30	6	30
NAS-Infrastructure-Roadmaps-v16.0__pptx	66	+0.01	-0.04	+0.02	+6.05	695.4	458.1	10	30	10	30
NAS-Infrastructure-Roadmaps-v16.0__pptx	67	+0.00	-0.16	+0.03	+0.00	648.8	220.6	7	0	7	0
NAS-Infrastructure-Roadmaps-v16.0__pptx	68	+0.00	-0.12	+0.03	-0.00	720.8	493.8	7	0	7	0
NAS-Infrastructure-Roadmaps-v16.0__pptx	69	+0.01	-0.04	-0.01	-0.03	649.4	162.4	7	7	7	7
NAS-Infrastructure-Roadmaps-v16.0__pptx	71	+0.01	-0.00	-0.01	-0.02	651.6	452.3	20	30	10	30
NAS-Infrastructure-Roadmaps-v16.0__pptx	72	-0.00	-0.00	-0.01	-0.02	651.5	452.3	22	30	11	30
NAS-Infrastructure-Roadmaps-v16.0__pptx	73	-83.05	+14.40	-1.35	-20.37	622.7	493.2	6	30	4	30
NAS-Infrastructure-Roadmaps-v16.0__pptx	74	+0.00	-14.20	+0.03	+0.01	648.8	508.3	6	0	6	0
NAS-Infrastructure-Roadmaps-v16.0__pptx	75	+0.00	+0.02	+0.03	+0.01	648.8	187.1	6	0	6	0
NAS-Infrastructure-Roadmaps-v16.0__pptx	76	+0.01	-0.01	-0.01	-0.02	649.4	457.5	17	7	17	7
NAS-Infrastructure-Roadmaps-v16.0__pptx	77	+0.01	-0.01	-0.01	-0.02	649.4	86.1	4	7	4	7
NAS-Infrastructure-Roadmaps-v16.0__pptx	80	-41.52	+15.30	-1.29	-20.37	622.7	493.2	8	30	4	30
NAS-Infrastructure-Roadmaps-v16.0__pptx	81	+0.01	-5.21	+0.04	-0.03	680.8	458.0	8	30	8	30
NAS-Infrastructure-Roadmaps-v16.0__pptx	83	+0.01	-0.01	-0.01	-0.02	649.4	171.7	7	7	7	7
NAS-Infrastructure-Roadmaps-v16.0__pptx	85	-0.01	-5.43	+0.01	-0.02	667.0	452.3	8	30	8	30
NAS-Infrastructure-Roadmaps-v16.0__pptx	86	-0.00	-5.26	+0.01	-0.01	688.6	457.9	14	30	14	30
NAS-Infrastructure-Roadmaps-v16.0__pptx	87	-0.00	-5.26	+0.01	-0.01	688.6	457.9	14	30	14	30
NAS-Infrastructure-Roadmaps-v16.0__pptx	88	+0.04	-6.91	+0.07	-0.02	699.1	452.3	6	30	6	30
NAS-Infrastructure-Roadmaps-v16.0__pptx	89	-0.01	+0.02	+0.04	+0.01	654.5	313.0	5	0	5	0
NAS-Infrastructure-Roadmaps-v16.0__pptx	92	+0.01	-0.00	-0.01	-0.03	633.8	455.6	22	30	11	30
NAS-Infrastructure-Roadmaps-v16.0__pptx	93	-0.01	-0.00	-0.01	-0.02	584.6	452.3	6	30	6	30
NAS-Infrastructure-Roadmaps-v16.0__pptx	94	+0.04	-0.00	-0.01	-0.02	584.4	452.3	6	30	6	30
NAS-Infrastructure-Roadmaps-v16.0__pptx	95	+0.01	-0.01	+0.04	+0.01	654.2	145.6	4	0	4	0
NAS-Infrastructure-Roadmaps-v16.0__pptx	96	+0.01	-0.02	-0.02	-0.02	648.9	57.5	0	7	0	7
NAS-Infrastructure-Roadmaps-v16.0__pptx	98	-68.08	-0.00	-25.47	+0.77	616.8	452.3	12	30	6	30
NAS-Infrastructure-Roadmaps-v16.0__pptx	99	+17.47	-0.00	-36.41	-6.85	711.4	459.1	10	30	6	30
NAS-Infrastructure-Roadmaps-v16.0__pptx	100	+0.04	-0.00	-0.01	-0.02	655.4	452.3	16	30	8	30
NAS-Infrastructure-Roadmaps-v16.0__pptx	101	-50.64	+20.60	-37.74	-20.37	622.7	493.2	8	30	4	30
NAS-Infrastructure-Roadmaps-v16.0__pptx	102	-0.01	-0.01	+0.04	+0.01	654.5	418.8	6	0	6	0
NAS-Infrastructure-Roadmaps-v16.0__pptx	103	+0.01	-0.01	-0.01	-0.02	649.4	457.5	17	7	17	7
NAS-Infrastructure-Roadmaps-v16.0__pptx	104	+0.01	-0.04	-0.01	-0.02	649.4	114.7	5	7	5	7
NAS-Infrastructure-Roadmaps-v16.0__pptx	106	+0.01	-0.00	-0.01	-0.04	644.6	452.7	24	30	12	30
NAS-Infrastructure-Roadmaps-v16.0__pptx	107	+0.03	-0.00	-0.01	-0.02	656.1	454.3	16	30	16	30
NAS-Infrastructure-Roadmaps-v16.0__pptx	108	-0.01	-6.38	+0.01	+0.01	699.5	459.8	10	30	10	30
NAS-Infrastructure-Roadmaps-v16.0__pptx	109	-0.01	-5.88	+0.02	-0.03	699.5	458.3	8	30	8	30
NAS-Infrastructure-Roadmaps-v16.0__pptx	110	+0.00	-0.00	+0.00	+0.01	648.8	418.7	6	0	6	0
NAS-Infrastructure-Roadmaps-v16.0__pptx	111	+0.00	+14.41	+0.03	+0.01	648.8	472.5	7	0	7	0
NAS-Infrastructure-Roadmaps-v16.0__pptx	112	+0.00	+0.08	+0.03	+0.01	648.8	293.0	6	0	6	0
NAS-Infrastructure-Roadmaps-v16.0__pptx	113	+0.01	-0.01	-0.01	-0.02	649.4	457.5	17	7	17	7
NAS-Infrastructure-Roadmaps-v16.0__pptx	114	+0.01	+0.01	-0.01	-0.02	649.4	228.8	9	7	9	7
NAS-Infrastructure-Roadmaps-v16.0__pptx	116	+0.00	-0.27	+0.11	+0.01	684.7	560.7	32	5	32	5
NAS-Infrastructure-Roadmaps-v16.0__pptx	117	+0.00	-0.62	+0.11	+0.01	684.7	510.7	32	5	32	5
NAS-Infrastructure-Roadmaps-v16.0__pptx	118	+0.01	-0.63	+0.11	+0.01	684.0	478.4	31	5	31	5
NAS-Infrastructure-Roadmaps-v16.0__pptx	119	+0.00	+24.41	+0.11	+0.01	684.7	579.5	32	5	32	5
NAS-Infrastructure-Roadmaps-v16.0__pptx	120	+0.01	-0.67	+0.11	+0.01	684.0	510.7	32	5	32	5
NAS-Infrastructure-Roadmaps-v16.0__pptx	121	+0.01	-0.47	+0.11	+0.01	684.0	397.6	25	5	25	5
NWD-GLA-Community-Outreach-Day-Oct-2025__pptx	11	+0.00	+0.11	+0.02	+0.00	687.6	461.1	6	0	6	0
OnTrac_StarCertificationProgram-3Day__pptx	6	-0.01	-0.02	+0.01	+0.01	889.8	453.0	76	4	76	4
PAL Block Intro 2023__pptx	18	+127.80	+0.94	-90.34	-206.36	670.3	339.1	0	6	4	6
Presentation - Identify Components of the Airport (1)__pptx	12	+1.50	+1.49	-1.50	-1.49	849.4	238.3	0	4	0	4
REDAC Briefing_SSIT_CARA_08132014.ppt__pptx	4	+0.01	-0.08	+0.02	-0.03	591.5	277.5	20	20	20	20
REDAC Briefing_SSIT_CARA_08132014.ppt__pptx	6	+0.03	-21.92	+0.08	-0.04	666.1	193.9	14	0	7	0
REDAC Briefing_SSIT_CARA_08132014.ppt__pptx	7	+0.04	-0.04	+0.05	-0.04	648.0	227.6	12	14	12	14
REDAC Briefing_SSIT_CARA_08132014.ppt__pptx	9	+0.00	-0.03	+0.03	+0.00	648.0	356.3	4	4	4	4
REDAC Briefing_SSIT_CARA_08132014.ppt__pptx	11	+0.00	-0.17	+0.06	-0.01	720.8	401.9	13	0	13	0
REDAC HF briefing Sep 2016_LARD_ATC_TO_FE_v2__pptx	7	-0.02	+16.94	+0.14	+0.02	672.8	374.1	9	10	9	10
REDAC HF briefing Sep 2016_LARD_ATC_TO_FE_v2__pptx	8	-0.02	+0.28	+0.14	+0.01	672.8	368.9	11	10	11	10
REDAC HF briefing Sep 2016_LARD_ATC_TO_FE_v2__pptx	9	-0.02	+0.16	+0.14	+0.01	672.8	407.8	10	10	10	10
REDAC HF briefing Sep 2016_LARD_ATC_TO_FE_v2__pptx	10	+0.01	+0.03	+0.05	+0.01	627.8	49.5	0	4	0	4
REDAC HF briefing Sep 2016_LARD_ATC_TO_FE_v2__pptx	12	+0.01	+0.02	+0.05	+0.00	627.8	49.5	0	4	0	4
REDAC HF briefing Sep 2016_LARD_ATC_TO_FE_v2__pptx	13	+0.01	+0.02	+0.05	+0.00	627.8	49.5	0	4	0	4
REDAC HF briefing Sep 2016_LARD_ATC_TO_FE_v2__pptx	15	+0.00	+0.04	+0.05	-0.01	628.6	78.3	4	4	4	4
REDAC HF briefing Sep 2016_LARD_ATC_TO_FE_v2__pptx	16	+0.01	-0.02	+0.05	-0.01	628.6	67.5	4	4	4	4
REDAC briefing March12-13-2014jemvbFINAL.ppt__pptx	8	-0.00	-0.19	+0.12	+0.00	673.8	218.6	10	5	10	5
REDAC briefing March12-13-2014jemvbFINAL.ppt__pptx	9	-0.02	-0.23	+0.10	-0.01	625.0	218.6	10	4	10	4
REDAC briefing March12-13-2014jemvbFINAL.ppt__pptx	14	-0.01	+0.00	+0.07	+0.02	317.2	42.2	0	6	0	6
REDAC briefing March12-13-2014jemvbFINAL.ppt__pptx	15	+0.01	-0.01	+0.07	+0.01	307.4	42.2	0	6	0	6
REDAC briefing March12-13-2014jemvbFINAL.ppt__pptx	16	+0.01	-0.01	+0.09	+0.01	299.2	42.2	0	6	0	6
REDAC briefing March12-13-2014jemvbFINAL.ppt__pptx	17	+0.01	-0.01	+0.08	+0.01	308.2	42.2	0	6	0	6
REDAC briefing March12-13-2014jemvbFINAL.ppt__pptx	18	+0.00	+0.00	+0.08	+0.03	310.4	42.2	0	6	0	6
REDAC briefing March12-13-2014jemvbFINAL.ppt__pptx	19	+0.00	-0.00	+0.08	+0.02	317.2	42.2	0	6	0	6
REDAC briefing March12-13-2014jemvbFINAL.ppt__pptx	20	+0.01	-0.06	+0.09	+0.00	317.2	43.1	0	6	0	6
REDAC briefing March12-13-2014jemvbFINAL.ppt__pptx	21	+0.01	+0.06	+0.06	+0.02	295.5	51.2	0	6	0	6
REDAC briefing March12-13-2014jemvbFINAL.ppt__pptx	22	-0.00	-0.04	+0.07	+0.02	306.7	54.8	0	6	0	6
REDAC briefing March12-13-2014jemvbFINAL.ppt__pptx	23	-0.01	-0.01	+0.07	+0.02	308.9	42.2	0	6	0	6
REDAC briefing March12-13-2014jemvbFINAL.ppt__pptx	24	+0.01	-0.01	+0.09	+0.01	317.2	42.2	0	6	0	6
REDAC briefing March12-13-2014jemvbFINAL.ppt__pptx	25	+0.01	-0.01	+0.07	+0.01	307.4	42.2	0	6	0	6
ROK-PI Climate Bulletin - Edition 2017-06__pptx	1	-0.00	-0.25	+0.02	+0.01	310.1	378.0	17	4	17	4
ROK-PI Climate Bulletin - Edition 2017-06__pptx	2	-0.00	-0.26	+0.04	-0.00	292.8	378.0	17	4	17	4
RPA P4 - Advanced Material__pptx	2	-0.02	-0.07	+0.03	+0.00	297.7	145.3	6	5	6	5
RPA P4 - Advanced Material__pptx	3	+0.01	-0.01	+0.02	-0.02	640.9	263.5	15	0	15	0
RPA P4 - Advanced Material__pptx	10	+446.21	+120.38	-17.25	-134.26	508.8	332.2	7	0	7	4
RPA P4 - Advanced Material__pptx	12	-0.01	-0.03	-0.02	-0.02	636.5	228.1	10	0	10	0
RPA P4 - Advanced Material__pptx	14	-0.00	+0.13	-0.00	-0.01	362.2	171.3	6	4	6	4
Reporting_responsibilities_matrix__pptx	3	+0.00	-0.32	+0.03	+21.50	792.9	298.6	50	0	50	0
Reporting_responsibilities_matrix__pptx	4	+0.01	+0.38	+0.05	+0.01	893.9	343.4	14	0	14	0
Reporting_responsibilities_matrix__pptx	5	+0.02	-0.32	+0.08	+21.49	545.2	0.9	8	0	8	0
Reporting_responsibilities_matrix__pptx	6	+0.02	-0.32	+0.08	+21.49	545.2	0.9	8	0	8	0
Reporting_responsibilities_matrix__pptx	7	-24.81	+104.53	+26.81	+127.22	493.6	0.0	8	0	4	0
Reporting_responsibilities_matrix__pptx	8	+0.00	-0.04	+0.01	+21.77	796.9	30.6	10	0	10	0
Reporting_responsibilities_matrix__pptx	9	+0.00	-0.04	+0.01	+21.77	796.9	30.6	12	0	12	0
Reporting_responsibilities_matrix__pptx	10	+0.00	-0.04	+0.01	+21.77	796.9	30.6	10	0	10	0
Reporting_responsibilities_matrix__pptx	11	+0.00	-0.04	+0.01	+21.77	796.9	30.6	10	0	10	0
Reporting_responsibilities_matrix__pptx	12	+0.00	-0.04	+0.01	+21.77	797.0	85.6	20	0	20	0
Reporting_responsibilities_matrix__pptx	14	-26.94	+99.91	-277.18	+122.60	795.5	0.0	8	0	6	0
Reporting_responsibilities_matrix__pptx	15	-0.01	-0.03	+0.01	+21.76	495.9	28.5	6	0	6	0
Reporting_responsibilities_matrix__pptx	16	-0.01	-0.03	+0.01	+21.76	495.9	28.5	6	0	6	0
Reporting_responsibilities_matrix__pptx	17	-327.27	+127.78	-257.96	+122.60	195.6	27.9	4	0	4	0
Reporting_responsibilities_matrix__pptx	18	+0.02	-0.31	+0.06	+21.48	535.8	28.0	16	0	16	0
Reporting_responsibilities_matrix__pptx	19	-327.16	+209.48	-121.15	+122.60	195.7	109.3	6	0	6	0
Reporting_responsibilities_matrix__pptx	21	+0.00	-0.04	+0.01	+21.77	796.9	30.6	10	0	10	0
Reporting_responsibilities_matrix__pptx	22	+0.00	-0.04	+0.01	+21.77	796.9	30.6	10	0	10	0
Reporting_responsibilities_matrix__pptx	23	+0.00	-0.04	+0.01	+21.77	796.9	30.6	10	0	10	0
Reporting_responsibilities_matrix__pptx	24	+0.00	-0.04	+0.02	+21.77	493.6	0.0	4	0	4	0
Reporting_responsibilities_matrix__pptx	27	+0.00	-0.04	+0.01	+21.77	796.9	1.4	6	0	6	0
Reporting_responsibilities_matrix__pptx	29	+0.00	-0.05	+0.02	+21.77	493.6	29.5	6	0	6	0
Reporting_responsibilities_matrix__pptx	30	+0.00	-0.03	+0.05	-0.01	960.0	426.1	0	4	0	4
Reporting_responsibilities_matrix__pptx	31	+0.00	-0.06	+0.05	-0.01	960.8	413.7	4	4	4	4
Reporting_responsibilities_matrix__pptx	32	+0.00	-0.05	+0.05	-0.01	960.8	431.7	4	4	4	4
Reporting_responsibilities_matrix__pptx	33	+0.00	-0.05	+0.05	-0.01	960.0	426.0	0	4	0	4
Reporting_responsibilities_matrix__pptx	34	+0.00	-0.05	+0.05	-0.01	960.0	426.0	0	4	0	4
Reporting_responsibilities_matrix__pptx	35	+0.00	-0.05	+0.05	-0.01	960.0	426.0	0	4	0	4
Reporting_responsibilities_matrix__pptx	36	+0.00	-0.05	+0.05	-0.01	960.0	426.0	0	4	0	4
Reporting_responsibilities_matrix__pptx	37	+0.00	-0.03	+0.05	-0.01	960.8	431.9	4	4	4	4
Reporting_responsibilities_matrix__pptx	38	+0.00	-0.03	+0.05	-0.01	960.0	426.1	0	4	0	4
Reporting_responsibilities_matrix__pptx	39	+0.00	-0.00	+0.05	+0.00	960.8	438.0	4	4	4	4
Reporting_responsibilities_matrix__pptx	40	+0.00	-0.03	+0.05	-0.01	960.0	426.1	0	4	0	4
Reporting_responsibilities_matrix__pptx	41	+0.00	-0.03	+0.05	-0.01	960.0	426.1	0	4	0	4
Reporting_responsibilities_matrix__pptx	42	+0.00	-0.05	+0.05	-0.01	960.0	426.0	0	4	0	4
Reporting_responsibilities_matrix__pptx	43	+0.00	-0.00	+0.05	-0.01	960.8	426.4	4	4	4	4
Reporting_responsibilities_matrix__pptx	44	+0.00	+0.01	+0.05	-0.01	960.8	426.5	4	4	4	4
Reporting_responsibilities_matrix__pptx	45	+0.00	-0.05	+0.05	-0.01	960.0	426.0	0	4	0	4
Reporting_responsibilities_matrix__pptx	46	+0.00	-0.05	+0.05	-0.01	960.8	426.0	4	4	4	4
Reporting_responsibilities_matrix__pptx	47	+0.00	-0.03	+0.05	-0.01	960.0	426.1	0	4	0	4
Reporting_responsibilities_matrix__pptx	48	+0.00	-0.03	+0.05	-0.01	960.0	426.1	0	4	0	4
Reporting_responsibilities_matrix__pptx	49	+0.00	-0.03	+0.05	-0.01	960.0	426.1	0	4	0	4
Reporting_responsibilities_matrix__pptx	50	+0.00	-0.03	+0.05	-0.01	960.0	426.1	0	4	0	4
Reporting_responsibilities_matrix__pptx	51	+0.00	-0.03	+0.05	-0.01	960.0	426.1	0	4	0	4
Reporting_responsibilities_matrix__pptx	52	+0.00	-0.03	+0.05	-0.01	960.0	426.1	0	4	0	4
Reporting_responsibilities_matrix__pptx	53	+0.00	-0.03	+0.05	-0.01	960.0	426.1	0	4	0	4
Reporting_responsibilities_matrix__pptx	54	+0.00	-0.03	+0.05	-0.01	960.0	431.7	0	4	0	4
Reporting_responsibilities_matrix__pptx	55	+0.00	-0.03	+0.05	-0.01	960.0	431.7	0	4	0	4
Reporting_responsibilities_matrix__pptx	56	+0.00	-0.03	+0.05	-0.01	960.0	431.7	0	4	0	4
Reporting_responsibilities_matrix__pptx	57	+0.00	-0.03	+0.05	-0.01	960.0	431.7	0	4	0	4
Reporting_responsibilities_matrix__pptx	58	+0.00	-0.03	+0.05	-0.01	960.0	431.7	0	4	0	4
Reporting_responsibilities_matrix__pptx	59	+0.00	-0.03	+0.05	-0.01	960.0	431.7	0	4	0	4
Reporting_responsibilities_matrix__pptx	60	+0.00	-0.03	+0.05	-0.01	960.0	431.7	0	4	0	4
Reporting_responsibilities_matrix__pptx	61	+0.00	-0.03	+0.05	-0.01	960.0	431.7	0	4	0	4
Reporting_responsibilities_matrix__pptx	62	+0.00	-0.03	+0.05	-0.01	960.0	431.7	0	4	0	4
Reporting_responsibilities_matrix__pptx	63	+0.00	-0.03	+0.05	-0.01	960.0	431.7	0	4	0	4
Reporting_responsibilities_matrix__pptx	64	+0.00	-0.05	+0.05	-0.01	960.8	426.0	4	4	4	4
Reporting_responsibilities_matrix__pptx	65	+0.00	-0.05	+0.05	-0.00	960.8	428.7	4	4	4	4
Reporting_responsibilities_matrix__pptx	66	+0.00	-0.03	+0.05	-0.01	960.0	426.1	0	4	0	4
Reporting_responsibilities_matrix__pptx	67	+0.00	-0.03	+0.05	-0.01	960.0	426.1	0	4	0	4
Reporting_responsibilities_matrix__pptx	68	+0.00	-0.03	+0.05	-0.01	960.0	426.1	0	4	0	4
Reporting_responsibilities_matrix__pptx	69	+0.00	-0.03	+0.05	-0.01	960.0	426.1	0	4	0	4
Reporting_responsibilities_matrix__pptx	70	+0.00	-0.03	+0.05	-0.01	960.0	426.1	0	4	0	4
Reporting_responsibilities_matrix__pptx	71	+0.00	-0.03	+0.05	-0.01	960.0	426.1	0	4	0	4
Reporting_responsibilities_matrix__pptx	72	+0.00	-0.03	+0.05	-0.01	960.0	426.1	0	4	0	4
Reporting_responsibilities_matrix__pptx	73	+0.00	-0.03	+0.05	-0.01	960.0	426.1	0	4	0	4
Reporting_responsibilities_matrix__pptx	74	+0.00	-0.03	+0.05	-0.01	960.0	426.1	0	4	0	4
Reporting_responsibilities_matrix__pptx	75	+0.00	-0.03	+0.05	-0.01	960.0	426.1	0	4	0	4
Reporting_responsibilities_matrix__pptx	76	+0.00	-0.03	+0.05	-0.01	960.0	426.1	0	4	0	4
Reporting_responsibilities_matrix__pptx	77	+0.00	+0.04	+0.05	-0.01	960.8	431.6	4	4	4	4
Reporting_responsibilities_matrix__pptx	78	+0.00	+0.04	+0.05	-0.01	960.8	465.6	4	4	4	4
Reporting_responsibilities_matrix__pptx	79	+0.00	-0.05	+0.05	-0.01	960.8	426.0	4	4	4	4
Reporting_responsibilities_matrix__pptx	80	+0.00	-0.03	+0.05	-0.01	960.8	426.1	4	4	4	4
Reporting_responsibilities_matrix__pptx	81	+0.00	-0.03	+0.05	-0.01	960.0	426.1	0	4	0	4
Reporting_responsibilities_matrix__pptx	82	+0.00	+0.02	+0.05	-0.01	960.0	451.6	0	4	0	4
Reporting_responsibilities_matrix__pptx	83	+0.00	+0.02	+0.05	-0.01	960.0	435.1	0	4	0	4
Reporting_responsibilities_matrix__pptx	84	+0.00	-0.03	+0.05	-0.01	960.0	426.1	0	4	0	4
Reporting_responsibilities_matrix__pptx	85	+0.00	+0.08	+0.05	-0.01	960.8	436.6	4	4	4	4
Reporting_responsibilities_matrix__pptx	86	+0.00	-0.03	+0.05	-0.01	960.0	426.1	0	4	0	4
Reporting_responsibilities_matrix__pptx	87	+0.00	+0.02	+0.05	-0.01	960.0	433.6	0	4	0	4
Reporting_responsibilities_matrix__pptx	88	+0.00	-0.03	+0.05	-0.01	960.0	426.1	0	4	0	4
Reporting_responsibilities_matrix__pptx	89	+0.00	-0.03	+0.05	-0.01	960.0	426.1	0	4	0	4
Reporting_responsibilities_matrix__pptx	90	+0.00	-0.03	+0.05	-0.01	960.0	426.1	0	4	0	4
Reporting_responsibilities_matrix__pptx	91	+0.00	+0.03	+0.05	-0.01	960.8	433.2	4	4	4	4
Reporting_responsibilities_matrix__pptx	92	+0.00	+0.03	+0.05	-0.01	960.8	429.4	4	4	4	4
Reporting_responsibilities_matrix__pptx	93	+0.00	-0.03	+0.05	-0.01	960.0	426.1	0	4	0	4
Reporting_responsibilities_matrix__pptx	94	+0.00	-0.05	+0.05	-0.01	960.8	426.0	4	4	4	4
Reporting_responsibilities_matrix__pptx	95	+0.00	+0.00	+0.05	-0.01	960.0	429.8	0	4	0	4
Reporting_responsibilities_matrix__pptx	96	+0.00	+0.01	+0.05	-0.01	960.0	462.5	0	4	0	4
Reporting_responsibilities_matrix__pptx	97	+0.00	+0.02	+0.05	-0.01	960.0	438.3	0	4	0	4
Reporting_responsibilities_matrix__pptx	98	+0.00	+0.01	+0.05	-0.01	960.0	438.7	0	4	0	4
Reporting_responsibilities_matrix__pptx	99	+0.00	+0.05	+0.05	-0.01	960.8	434.9	4	4	4	4
Reporting_responsibilities_matrix__pptx	100	+0.00	+0.08	+0.05	-0.01	960.8	453.2	4	4	4	4
Reporting_responsibilities_matrix__pptx	101	+0.00	+0.05	+0.05	-0.01	960.0	462.5	0	4	0	4
Reporting_responsibilities_matrix__pptx	102	+0.00	-0.00	+0.05	-0.01	960.0	449.1	0	4	0	4
Reporting_responsibilities_matrix__pptx	103	+0.00	-0.03	+0.05	-0.01	960.0	431.7	0	4	0	4
Reporting_responsibilities_matrix__pptx	104	+0.00	-0.03	+0.05	-0.01	960.0	431.7	0	4	0	4
Reporting_responsibilities_matrix__pptx	105	+0.00	+0.03	+0.05	-0.01	960.8	434.9	4	4	4	4
Reporting_responsibilities_matrix__pptx	106	+0.00	-0.05	+0.05	-0.01	960.0	426.0	0	4	0	4
Reporting_responsibilities_matrix__pptx	107	+0.00	+0.04	+0.05	-0.01	960.8	428.5	4	4	4	4
Reporting_responsibilities_matrix__pptx	108	+0.00	-0.05	+0.05	-0.01	960.0	426.0	0	4	0	4
Reporting_responsibilities_matrix__pptx	109	+0.00	-0.05	+0.05	-0.01	960.8	431.7	4	4	4	4
Reporting_responsibilities_matrix__pptx	110	+0.00	-0.01	+0.05	-0.01	960.0	446.8	0	4	0	4
Reporting_responsibilities_matrix__pptx	111	+0.00	-0.04	+0.05	-0.01	960.0	434.4	0	4	0	4
Reporting_responsibilities_matrix__pptx	112	+0.00	+0.05	+0.05	-0.01	960.0	446.0	0	4	0	4
Reporting_responsibilities_matrix__pptx	113	+0.00	+0.05	+0.05	-0.01	960.0	462.5	0	4	0	4
Reporting_responsibilities_matrix__pptx	114	+0.00	-0.00	+0.05	-0.01	960.0	444.3	0	4	0	4
Reporting_responsibilities_matrix__pptx	115	+0.00	+0.01	+0.05	-0.01	960.0	435.0	0	4	0	4
Reporting_responsibilities_matrix__pptx	116	+0.00	+0.01	+0.05	-0.01	960.0	435.0	0	4	0	4
Reporting_responsibilities_matrix__pptx	117	+0.00	+0.01	+0.05	-0.01	960.0	435.0	0	4	0	4
Reporting_responsibilities_matrix__pptx	118	+0.00	+0.01	+0.05	-0.01	960.0	435.0	0	4	0	4
Reporting_responsibilities_matrix__pptx	119	+0.00	+0.01	+0.05	-0.01	960.0	435.0	0	4	0	4
Reporting_responsibilities_matrix__pptx	120	+0.00	+0.01	+0.05	-0.01	960.0	435.0	0	4	0	4
Reporting_responsibilities_matrix__pptx	121	+0.00	+0.04	+0.05	-0.01	960.8	432.7	4	4	4	4
Reporting_responsibilities_matrix__pptx	122	+0.00	-0.05	+0.05	-0.01	960.0	426.0	0	4	0	4
Reporting_responsibilities_matrix__pptx	123	+0.00	+0.03	+0.05	-0.01	960.8	444.8	4	4	4	4
Reporting_responsibilities_matrix__pptx	124	+0.00	+0.05	+0.05	-0.01	960.0	462.5	0	4	0	4
Reporting_responsibilities_matrix__pptx	125	+0.00	+0.01	+0.05	-0.01	960.0	432.7	0	4	0	4
Reporting_responsibilities_matrix__pptx	126	+0.00	+0.05	+0.05	-0.01	960.0	446.0	0	4	0	4
Reporting_responsibilities_matrix__pptx	127	+0.00	+0.05	+0.05	-0.01	960.0	446.0	0	4	0	4
Reporting_responsibilities_matrix__pptx	128	+0.00	+0.01	+0.05	-0.01	960.0	435.9	0	4	0	4
Reporting_responsibilities_matrix__pptx	129	+0.00	+0.01	+0.05	-0.01	960.0	435.9	0	4	0	4
Reporting_responsibilities_matrix__pptx	130	+0.00	+0.05	+0.05	-0.01	960.0	479.1	0	4	0	4
Reporting_responsibilities_matrix__pptx	131	+0.00	-0.01	+0.05	-0.01	960.0	432.1	0	4	0	4
Reporting_responsibilities_matrix__pptx	132	+0.00	-0.01	+0.05	-0.01	960.0	432.1	0	4	0	4
Reporting_responsibilities_matrix__pptx	133	+0.00	-0.01	+0.05	-0.01	960.0	432.1	0	4	0	4
Reporting_responsibilities_matrix__pptx	134	+0.00	+0.03	+0.05	-0.01	960.8	474.8	4	4	4	4
Reporting_responsibilities_matrix__pptx	135	+0.00	-0.03	+0.05	-0.01	960.0	431.7	0	4	0	4
Reporting_responsibilities_matrix__pptx	136	+0.00	+0.01	+0.05	-0.01	960.0	434.0	0	4	0	4
Reporting_responsibilities_matrix__pptx	137	+0.00	-0.03	+0.05	-0.01	960.0	431.7	0	4	0	4
Reporting_responsibilities_matrix__pptx	138	+0.00	+16.58	+0.05	-0.01	960.8	442.6	4	4	4	4
Reporting_responsibilities_matrix__pptx	139	+0.00	+0.05	+0.05	-0.01	960.0	429.4	0	4	0	4
Reporting_responsibilities_matrix__pptx	140	+0.00	+0.01	+0.05	-0.01	960.0	432.5	0	4	0	4
Reporting_responsibilities_matrix__pptx	141	+0.00	+0.05	+0.05	-0.01	960.0	446.0	0	4	0	4
Reporting_responsibilities_matrix__pptx	142	+0.00	+0.05	+0.05	-0.01	960.0	479.1	0	4	0	4
Reporting_responsibilities_matrix__pptx	143	+0.00	+0.01	+0.05	-0.01	960.0	432.5	0	4	0	4
Reporting_responsibilities_matrix__pptx	144	+0.00	+0.04	+0.05	-0.01	960.8	440.4	4	4	4	4
Reporting_responsibilities_matrix__pptx	145	+0.00	-0.03	+0.05	-0.01	960.0	426.1	0	4	0	4
Reporting_responsibilities_matrix__pptx	146	+0.00	+0.01	+0.05	-0.01	960.0	432.4	0	4	0	4
Reporting_responsibilities_matrix__pptx	147	+0.00	-0.03	+0.05	-0.01	960.0	426.1	0	4	0	4
Reporting_responsibilities_matrix__pptx	148	+0.00	-0.03	+0.05	-0.01	960.0	426.1	0	4	0	4
Reporting_responsibilities_matrix__pptx	149	+0.00	-0.03	+0.05	-0.01	960.0	426.1	0	4	0	4
Reporting_responsibilities_matrix__pptx	150	+0.00	+0.01	+0.05	-0.01	960.8	428.4	4	4	4	4
Reporting_responsibilities_matrix__pptx	151	+0.00	-0.03	+0.05	-0.01	960.0	431.7	0	4	0	4
Reporting_responsibilities_matrix__pptx	152	+0.00	+0.03	+0.05	-0.01	960.8	429.4	4	4	4	4
Reporting_responsibilities_matrix__pptx	153	+0.00	+0.05	+0.05	-0.01	960.0	429.4	0	4	0	4
Reporting_responsibilities_matrix__pptx	154	+0.00	+0.05	+0.05	-0.01	960.0	429.4	0	4	0	4
Reporting_responsibilities_matrix__pptx	155	+0.00	+0.05	+0.05	-0.01	960.0	429.4	0	4	0	4
Reporting_responsibilities_matrix__pptx	156	+0.00	-0.03	+0.05	-0.01	960.0	431.7	0	4	0	4
Reporting_responsibilities_matrix__pptx	157	+0.00	-0.03	+0.05	-0.01	960.0	431.7	0	4	0	4
Reporting_responsibilities_matrix__pptx	158	+0.00	-0.03	+0.05	-0.01	960.0	426.1	0	4	0	4
Reporting_responsibilities_matrix__pptx	159	+0.00	-0.05	+0.05	-0.01	960.8	431.7	4	4	4	4
Reporting_responsibilities_matrix__pptx	160	+0.00	+0.01	+0.05	-0.01	960.8	423.8	4	4	4	4
Reporting_responsibilities_matrix__pptx	161	+0.00	-0.00	+0.05	-0.01	960.0	466.6	0	4	0	4
Reporting_responsibilities_matrix__pptx	162	+0.00	+0.02	+0.05	-0.01	960.0	432.4	0	4	0	4
Reporting_responsibilities_matrix__pptx	163	+0.00	+0.02	+0.05	-0.01	960.0	432.4	0	4	0	4
Reporting_responsibilities_matrix__pptx	164	+0.00	+0.02	+0.05	-0.01	960.0	432.4	0	4	0	4
Reporting_responsibilities_matrix__pptx	165	+0.00	+0.02	+0.05	-0.01	960.0	432.4	0	4	0	4
Reporting_responsibilities_matrix__pptx	166	+0.00	+0.05	+0.05	-0.01	960.0	446.0	0	4	0	4
Reporting_responsibilities_matrix__pptx	167	+0.00	+0.01	+0.05	-0.01	960.0	431.9	0	4	0	4
Reporting_responsibilities_matrix__pptx	168	+0.00	+0.01	+0.05	-0.01	960.0	432.5	0	4	0	4
Reporting_responsibilities_matrix__pptx	169	+0.00	+0.01	+0.05	-0.01	960.0	432.5	0	4	0	4
Reporting_responsibilities_matrix__pptx	170	+0.00	+0.01	+0.05	-0.01	960.0	432.5	0	4	0	4
Reporting_responsibilities_matrix__pptx	171	+0.00	+0.03	+0.05	-0.01	960.8	440.0	4	4	4	4
Reporting_responsibilities_matrix__pptx	172	+0.00	-0.05	+0.05	-0.01	960.0	426.0	0	4	0	4
Reporting_responsibilities_matrix__pptx	173	+0.00	-0.00	+0.05	-0.01	960.0	430.2	0	4	0	4
Reporting_responsibilities_matrix__pptx	174	+0.00	-0.05	+0.05	-0.01	960.0	426.0	0	4	0	4
Reporting_responsibilities_matrix__pptx	175	+0.00	+5.62	+0.05	-0.01	960.8	440.5	4	4	4	4
Reporting_responsibilities_matrix__pptx	176	+0.00	+0.00	+0.05	-0.01	960.0	435.1	0	4	0	4
Reporting_responsibilities_matrix__pptx	177	+0.00	+0.00	+0.05	-0.01	960.0	435.1	0	4	0	4
Reporting_responsibilities_matrix__pptx	178	+0.00	+0.00	+0.05	-0.01	960.0	435.1	0	4	0	4
Reporting_responsibilities_matrix__pptx	179	+0.00	+0.05	+0.05	-0.01	960.0	446.0	0	4	0	4
Reporting_responsibilities_matrix__pptx	180	+0.00	+0.01	+0.05	-0.01	960.0	431.9	0	4	0	4
Reporting_responsibilities_matrix__pptx	181	+0.00	+0.08	+0.05	-0.01	960.8	436.6	4	4	4	4
Reporting_responsibilities_matrix__pptx	182	+0.00	+0.00	+0.05	-0.01	960.0	431.1	0	4	0	4
Reporting_responsibilities_matrix__pptx	183	+0.00	-0.03	+0.05	-0.01	960.0	433.4	0	4	0	4
Reporting_responsibilities_matrix__pptx	184	+0.00	+0.02	+0.05	-0.01	960.0	449.7	0	4	0	4
Reporting_responsibilities_matrix__pptx	185	+0.00	-0.03	+0.05	-0.01	960.0	427.8	0	4	0	4
Reporting_responsibilities_matrix__pptx	186	+0.00	-0.03	+0.05	-0.01	960.0	427.8	0	4	0	4
Reporting_responsibilities_matrix__pptx	187	+0.00	-0.03	+0.05	-0.01	960.8	427.8	4	4	4	4
Reporting_responsibilities_matrix__pptx	188	+0.00	-0.03	+0.05	-0.01	960.0	427.8	0	4	0	4
Reporting_responsibilities_matrix__pptx	189	+0.00	-0.03	+0.05	-0.01	960.8	430.2	5	4	5	4
Reporting_responsibilities_matrix__pptx	190	+0.00	-0.03	+0.05	-0.01	960.0	427.8	0	4	0	4
Reporting_responsibilities_matrix__pptx	191	+0.00	-0.03	+0.05	-0.01	960.0	427.8	0	4	0	4
Reporting_responsibilities_matrix__pptx	192	+0.00	-0.03	+0.05	-0.01	960.0	427.8	0	4	0	4
Reporting_responsibilities_matrix__pptx	193	+0.00	-0.03	+0.05	-0.01	960.0	427.8	0	4	0	4
Reporting_responsibilities_matrix__pptx	194	+0.00	-0.03	+0.05	-0.01	960.0	427.8	0	4	0	4
Reporting_responsibilities_matrix__pptx	195	+0.00	-0.03	+0.05	-0.01	960.0	427.8	0	4	0	4
Reporting_responsibilities_matrix__pptx	196	+0.00	-0.03	+0.05	-0.01	960.0	427.8	0	4	0	4
Reporting_responsibilities_matrix__pptx	197	+0.00	-0.03	+0.05	-0.01	960.0	427.8	0	4	0	4
Reporting_responsibilities_matrix__pptx	198	+0.00	-0.03	+0.05	-0.01	960.0	427.8	0	4	0	4
Reporting_responsibilities_matrix__pptx	199	+0.00	-0.03	+0.05	-0.01	960.0	427.8	0	4	0	4
Reporting_responsibilities_matrix__pptx	200	+0.00	-0.03	+0.05	-0.01	960.0	427.8	0	4	0	4
Reporting_responsibilities_matrix__pptx	201	+0.00	+0.04	+0.05	-0.01	960.8	431.6	4	4	4	4
Reporting_responsibilities_matrix__pptx	202	+0.00	-0.03	+0.05	-0.01	960.8	426.1	4	4	4	4
Reporting_responsibilities_matrix__pptx	203	+0.00	-0.03	+0.05	-0.01	960.0	426.1	0	4	0	4
Reporting_responsibilities_matrix__pptx	204	+0.00	+0.02	+0.05	-0.01	960.0	451.6	0	4	0	4
Reporting_responsibilities_matrix__pptx	205	+0.00	+0.02	+0.05	-0.01	960.0	435.1	0	4	0	4
Reporting_responsibilities_matrix__pptx	206	+0.00	-0.03	+0.05	-0.01	960.0	426.1	0	4	0	4
Reporting_responsibilities_matrix__pptx	207	+0.00	+0.08	+0.05	-0.01	960.8	436.6	4	4	4	4
Reporting_responsibilities_matrix__pptx	208	+0.00	-0.03	+0.05	-0.01	960.0	426.1	0	4	0	4
Reporting_responsibilities_matrix__pptx	209	+0.00	+0.02	+0.05	-0.01	960.0	433.6	0	4	0	4
Reporting_responsibilities_matrix__pptx	210	+0.00	-0.03	+0.05	-0.01	960.0	426.1	0	4	0	4
Reporting_responsibilities_matrix__pptx	211	+0.00	-0.03	+0.05	-0.01	960.0	426.1	0	4	0	4
Reporting_responsibilities_matrix__pptx	212	+0.00	-0.03	+0.05	-0.01	960.0	426.1	0	4	0	4
Reporting_responsibilities_matrix__pptx	213	+0.00	-0.05	+0.05	-0.01	960.8	426.0	4	4	4	4
Reporting_responsibilities_matrix__pptx	214	+0.00	+0.00	+0.05	-0.01	960.0	429.8	0	4	0	4
Reporting_responsibilities_matrix__pptx	215	+0.00	+0.01	+0.05	-0.01	960.0	462.5	0	4	0	4
Reporting_responsibilities_matrix__pptx	216	+0.00	+0.02	+0.05	-0.01	960.0	438.3	0	4	0	4
Reporting_responsibilities_matrix__pptx	217	+0.00	+0.01	+0.05	-0.01	960.0	438.7	0	4	0	4
Reporting_responsibilities_matrix__pptx	218	+0.00	+0.05	+0.05	-0.01	960.8	434.9	4	4	4	4
Reporting_responsibilities_matrix__pptx	219	+0.00	+0.08	+0.05	-0.01	960.8	453.2	4	4	4	4
Reporting_responsibilities_matrix__pptx	220	+0.00	+0.05	+0.05	-0.01	960.0	462.5	0	4	0	4
Reporting_responsibilities_matrix__pptx	221	+0.00	-0.00	+0.05	-0.01	960.0	449.1	0	4	0	4
Reporting_responsibilities_matrix__pptx	222	+0.00	-0.03	+0.05	-0.01	960.0	431.7	0	4	0	4
Reporting_responsibilities_matrix__pptx	223	+0.00	-0.03	+0.05	-0.01	960.0	431.7	0	4	0	4
Reporting_responsibilities_matrix__pptx	224	+0.00	-0.05	+0.05	-0.01	960.8	431.7	4	4	4	4
Reporting_responsibilities_matrix__pptx	225	+0.00	-0.01	+0.05	-0.01	960.0	446.8	0	4	0	4
Reporting_responsibilities_matrix__pptx	226	+0.00	-0.04	+0.05	-0.01	960.0	434.4	0	4	0	4
Reporting_responsibilities_matrix__pptx	227	+0.00	+0.05	+0.05	-0.01	960.0	446.0	0	4	0	4
Reporting_responsibilities_matrix__pptx	228	+0.00	+0.05	+0.05	-0.01	960.0	462.5	0	4	0	4
Reporting_responsibilities_matrix__pptx	229	+0.00	-0.00	+0.05	-0.01	960.0	444.3	0	4	0	4
Reporting_responsibilities_matrix__pptx	230	+0.00	+0.01	+0.05	-0.01	960.0	435.0	0	4	0	4
Reporting_responsibilities_matrix__pptx	231	+0.00	+0.01	+0.05	-0.01	960.0	435.0	0	4	0	4
Reporting_responsibilities_matrix__pptx	232	+0.00	+0.01	+0.05	-0.01	960.0	435.0	0	4	0	4
Reporting_responsibilities_matrix__pptx	233	+0.00	+0.01	+0.05	-0.01	960.0	435.0	0	4	0	4
Reporting_responsibilities_matrix__pptx	234	+0.00	-0.00	+0.05	-0.01	960.8	426.4	4	4	4	4
Reporting_responsibilities_matrix__pptx	235	+0.00	-0.03	+0.05	-0.01	960.0	426.1	0	4	0	4
Reporting_responsibilities_matrix__pptx	236	+0.00	-0.03	+0.05	-0.01	960.0	426.1	0	4	0	4
Reporting_responsibilities_matrix__pptx	237	+0.00	-0.03	+0.05	-0.01	960.0	426.1	0	4	0	4
Reporting_responsibilities_matrix__pptx	238	+0.00	-0.03	+0.05	-0.01	960.0	426.1	0	4	0	4
Reporting_responsibilities_matrix__pptx	239	+0.00	-0.03	+0.05	-0.01	960.0	426.1	0	4	0	4
Reporting_responsibilities_matrix__pptx	240	+0.00	-0.03	+0.05	-0.01	960.0	426.1	0	4	0	4
Reporting_responsibilities_matrix__pptx	241	+0.00	-0.03	+0.05	-0.01	960.0	426.1	0	4	0	4
Reporting_responsibilities_matrix__pptx	242	+0.00	-0.03	+0.05	-0.01	960.0	431.7	0	4	0	4
Reporting_responsibilities_matrix__pptx	243	+0.00	-0.03	+0.05	-0.01	960.0	431.7	0	4	0	4
Reporting_responsibilities_matrix__pptx	244	+0.00	-0.03	+0.05	-0.01	960.0	431.7	0	4	0	4
Reporting_responsibilities_matrix__pptx	245	+0.00	-0.03	+0.05	-0.01	960.0	431.7	0	4	0	4
Reporting_responsibilities_matrix__pptx	246	+0.00	-0.03	+0.05	-0.01	960.0	431.7	0	4	0	4
Reporting_responsibilities_matrix__pptx	247	+0.00	-0.03	+0.05	-0.01	960.0	431.7	0	4	0	4
Reporting_responsibilities_matrix__pptx	248	+0.00	-0.03	+0.05	-0.01	960.0	431.7	0	4	0	4
Reporting_responsibilities_matrix__pptx	249	+0.00	-0.03	+0.05	-0.01	960.0	431.7	0	4	0	4
Reporting_responsibilities_matrix__pptx	250	+0.00	+0.03	+0.05	-0.01	960.8	440.0	4	4	4	4
Reporting_responsibilities_matrix__pptx	251	+0.00	-0.05	+0.05	-0.01	960.0	426.0	0	4	0	4
Reporting_responsibilities_matrix__pptx	252	+0.00	-0.00	+0.05	-0.01	960.0	430.2	0	4	0	4
Reporting_responsibilities_matrix__pptx	253	+0.00	-0.05	+0.05	-0.01	960.0	426.0	0	4	0	4
Reporting_responsibilities_matrix__pptx	254	+0.00	+5.62	+0.05	-0.01	960.8	440.5	4	4	4	4
Reporting_responsibilities_matrix__pptx	255	+0.00	+0.00	+0.05	-0.01	960.0	435.1	0	4	0	4
Reporting_responsibilities_matrix__pptx	256	+0.00	+0.00	+0.05	-0.01	960.0	435.1	0	4	0	4
Reporting_responsibilities_matrix__pptx	257	+0.00	+0.00	+0.05	-0.01	960.0	435.1	0	4	0	4
Reporting_responsibilities_matrix__pptx	258	+0.00	+0.05	+0.05	-0.01	960.0	446.0	0	4	0	4
Reporting_responsibilities_matrix__pptx	259	+0.00	+0.01	+0.05	-0.01	960.0	431.9	0	4	0	4
Reporting_responsibilities_matrix__pptx	260	+0.00	+0.08	+0.05	-0.01	960.8	436.6	4	4	4	4
Reporting_responsibilities_matrix__pptx	261	+0.00	+0.00	+0.05	-0.01	960.0	431.1	0	4	0	4
Reporting_responsibilities_matrix__pptx	262	+0.00	-0.03	+0.05	-0.01	960.0	433.4	0	4	0	4
Reporting_responsibilities_matrix__pptx	263	+0.00	+0.02	+0.05	-0.01	960.0	449.7	0	4	0	4
Reporting_responsibilities_matrix__pptx	264	+0.00	-0.03	+0.05	-0.01	960.0	427.8	0	4	0	4
Reporting_responsibilities_matrix__pptx	265	+0.00	-0.03	+0.05	-0.01	960.0	427.8	0	4	0	4
Reporting_responsibilities_matrix__pptx	266	+0.00	-0.03	+0.05	-0.01	960.0	427.8	0	4	0	4
Reporting_responsibilities_matrix__pptx	267	+0.00	-0.03	+0.05	-0.01	960.0	427.8	0	4	0	4
SRDMG(16)024_60 GHz onboard airplanes__pptx	8	+0.01	+0.00	+0.00	+0.02	199.6	199.4	0	6	0	6
SRDMG(16)024_60 GHz onboard airplanes__pptx	9	-0.24	-0.02	+0.24	+0.02	304.0	290.9	6	6	6	6
SRDMG(16)024_60 GHz onboard airplanes__pptx	10	+0.03	-0.02	+0.04	-0.03	54.5	280.3	0	5	0	5
Sean Monogue__pptx	1	+0.00	+0.02	+0.00	-0.02	719.7	442.0	10	0	10	0
Sean Monogue__pptx	2	+0.01	+0.02	+0.02	-0.02	719.7	442.0	10	0	10	0
Sean Monogue__pptx	3	+0.01	+0.02	+0.02	-0.02	719.7	442.0	10	0	10	0
Sean Monogue__pptx	4	+0.01	+0.02	+0.02	-0.02	719.7	442.0	10	0	10	0
Sean Monogue__pptx	5	+0.01	+0.02	+0.02	-0.02	719.7	442.0	10	0	10	0
Sean Monogue__pptx	6	+0.01	+0.02	+0.02	-0.02	719.7	442.0	10	0	10	0
Sean Monogue__pptx	7	+0.01	+0.02	+0.02	-0.02	719.7	442.0	10	0	10	0
Sean Monogue__pptx	8	+0.01	+0.02	+0.02	-0.02	719.7	442.0	10	0	10	0
Sean Monogue__pptx	9	+0.01	+0.02	+0.02	-0.02	719.7	442.0	10	0	10	0
Sean Monogue__pptx	10	+0.01	+0.02	+0.02	-0.02	719.7	442.0	10	0	10	0
Sean Monogue__pptx	11	+0.01	+0.02	+0.02	-0.02	719.7	442.0	10	0	10	0
Sean Monogue__pptx	12	+0.01	+0.33	+0.02	-0.02	719.7	485.3	10	4	10	4
Sean Monogue__pptx	13	+0.01	+0.02	+0.02	-0.02	719.7	442.0	10	0	10	0
Sean Monogue__pptx	14	+0.01	+0.02	+0.02	-0.02	719.7	442.0	10	0	10	0
Sean Monogue__pptx	15	+0.01	+0.02	+0.02	-0.02	719.7	442.0	10	0	10	0
Sector_Skills_Insights_Advanced_Manufacturing_summary_slide_pack__pptx	11	+0.02	-0.02	+0.01	+89.83	680.4	315.6	6	0	6	0
Sector_Skills_Insights_Advanced_Manufacturing_summary_slide_pack__pptx	16	-0.09	-0.07	+0.04	-0.68	189.3	96.0	0	8	0	7
Stakeholders-v08052017 - v5__pptx	3	+0.02	-0.03	+0.02	-0.02	660.9	286.2	0	12	0	12
Structural Testing__pptx	11	+0.01	-0.08	+0.02	-0.03	228.0	152.0	12	6	9	6
Structural Testing__pptx	12	+0.03	-0.01	+0.03	-0.02	195.4	143.6	6	0	6	0
Structural Testing__pptx	39	-0.02	+0.14	+0.07	+0.02	175.9	146.1	6	5	6	5
Structural Testing__pptx	42	-0.00	-0.01	+0.05	+0.01	199.9	356.0	10	5	10	5
Structural Testing__pptx	43	-0.02	+0.03	+0.10	+0.02	331.8	171.0	6	6	6	6
Structural Testing__pptx	44	-0.02	-0.03	+0.10	+0.02	355.8	186.2	6	6	6	6
Structural Testing__pptx	64	+0.03	+0.01	+0.06	-0.03	232.1	240.0	11	0	6	0
Structural Testing__pptx	67	+0.04	+0.03	+0.06	-0.04	232.1	240.1	11	0	6	0
Structural Testing__pptx	76	+0.02	-0.08	+0.07	-0.03	651.6	238.0	6	6	0	6
Structural Testing__pptx	77	+0.03	-0.07	+0.06	-0.03	540.4	258.9	4	6	4	6
Structural Testing__pptx	78	+0.03	-0.07	+0.08	-0.02	461.1	274.6	8	8	8	8
Sylva%20introduction%20session__pptx	11	+35.63	-35.59	-35.59	+35.62	810.1	171.1	6	0	0	6
Sylva%20introduction%20session__pptx	12	+0.00	+0.00	-0.00	-0.02	420.3	42.8	4	0	4	0
Sylva%20introduction%20session__pptx	13	+0.03	-0.05	+0.07	+0.00	934.4	329.9	4	6	0	6
Tax factsheet 2022 (1)__pptx	7	-0.02	-100.73	-205.11	+0.01	889.9	307.9	7	5	7	5
Technical_Report_Elements[1]__pptx	3	-0.05	+0.06	+0.06	-0.07	166.1	87.5	0	4	0	4
Technical_Report_Elements[1]__pptx	8	+0.00	-0.03	+0.04	-0.01	698.1	317.7	28	28	28	28
Thailand17__ppt	2	-0.02	+0.04	-0.06	+0.01	629.9	395.9	30	30	30	30
Thailand17__ppt	7	+0.48	+0.01	-0.47	+0.01	535.0	413.4	6	0	6	0
Thailand17__ppt	9	+0.49	-0.03	-0.49	-0.01	481.0	316.2	6	0	6	0
Thailand17__ppt	11	+0.47	+3.53	-0.48	-0.47	635.7	329.8	10	7	10	7
Thailand17__ppt	12	+0.49	+0.47	-0.48	-0.49	663.2	361.3	7	4	7	4
Thailand17__ppt	26	+0.01	+0.03	-0.02	+0.03	597.1	389.6	8	4	8	4
Thailand17__ppt	27	-0.01	+0.01	+0.01	+0.01	598.7	178.8	6	6	6	6
Thailand17__ppt	29	+0.47	+0.48	-0.48	-0.47	481.0	431.0	8	4	8	4
Thailand17__ppt	30	+0.01	-1.29	-0.04	-0.02	660.0	36.2	10	0	10	0
Thailand17__ppt	32	+0.48	+0.01	-0.47	-0.01	535.0	430.0	6	0	6	0
Thailand17__ppt	33	-0.01	+0.00	+0.01	-0.01	654.0	366.0	10	6	10	6
Thailand17__ppt	35	+0.49	+0.49	-0.49	-0.47	481.0	365.0	7	4	7	4
Thailand17__ppt	36	+0.01	-1.29	-0.04	-0.02	660.0	36.2	10	0	10	0
Thailand17__ppt	38	+0.48	+0.01	-0.47	-0.01	535.0	430.0	6	0	6	0
Thailand17__ppt	40	-0.01	+0.00	+0.01	-0.01	654.0	366.0	20	8	20	8
W3_Case_Study_of_a_Tsunami_Warning_Simulation_Exercise_Ed__ppt	6	+0.00	+0.01	+0.01	+0.00	606.0	42.0	0	10	0	10
W3_Case_Study_of_a_Tsunami_Warning_Simulation_Exercise_Ed__ppt	9	+0.00	+0.01	+0.01	+0.00	606.0	42.0	0	8	0	8
WC_Update-Aug03__ppt	4	+0.00	+0.39	-0.04	-0.01	600.0	75.8	6	8	6	8
WiGr_2021W_1_Angebot-Nachfrage-Elastizität-211017-171222__pptx	18	+0.00	+0.01	+0.02	-0.02	467.1	0.5	4	0	4	0
WiGr_2021W_1_Angebot-Nachfrage-Elastizität-211017-171222__pptx	23	+0.00	+0.01	+0.02	-0.02	467.1	0.5	4	0	4	0
Wildlife for REDAC September 11__pptx	2	+0.02	-0.06	+0.03	+36.29	293.9	96.3	6	0	6	0
Wildlife for REDAC September 11__pptx	5	-0.02	-0.02	-0.01	-0.00	55.1	30.8	4	0	4	0
[Christophe]NLP_reseau_inge_stat__pptx	11	+0.43	+0.42	-0.45	-0.43	891.0	299.2	11	0	11	8
airbus-powerpoint-presentation-2019-20-without-video_diy_2019-20__pptx	13	+0.03	-0.03	+0.05	+0.01	420.0	284.4	28	28	30	28
architecture6__ppt	10	+0.20	+4.85	-0.20	-0.00	648.4	336.4	7	0	7	0
architecture6__ppt	14	+0.21	+55.15	-0.19	-0.01	566.6	420.4	7	0	7	0
architecture6__ppt	21	+0.21	+21.66	-0.20	+0.00	519.8	420.4	7	0	7	0
architecture6__ppt	24	+0.20	+4.73	-0.21	+0.00	575.0	336.4	7	0	7	0
architecture6__ppt	27	+0.20	+21.54	-0.20	+0.00	566.5	353.2	7	0	7	0
attendance-updates-for-governors__pptx	4	+467.02	+0.86	+470.48	+1.91	195.3	324.4	10	0	10	0
bar_chart__pptx	1	+4.21	+4.89	+0.13	-0.26	570.4	273.4	10	0	10	0
berlin__ppt	19	-0.01	-0.37	+0.03	+31.76	444.0	0.0	6	0	6	0
berlin__ppt	24	+0.01	-0.04	+0.01	-0.03	468.0	210.0	0	8	0	8
berlin__ppt	27	+0.01	-0.03	+0.01	-0.03	72.0	198.0	0	4	0	4
c_291533__pptx	10	+0.00	+0.01	+0.05	+0.01	672.0	281.8	0	4	0	4
combo_bar_line_chart__pptx	1	+4.16	+4.87	+0.42	-0.23	453.0	273.8	11	0	11	0
concepts-surrounding-cloud-computing-carolyn-kranz-and-rich-prem-gb-seattle-2011__ppt	11	+0.03	+0.01	+0.00	+17.97	576.0	300.4	5	4	5	4
diapo_6_fees_vous_etes_poctdoct_exterieur_a_luniv_v2_0_1__pptx	1	+0.00	-0.02	+0.02	-0.01	813.2	252.6	4	4	4	4
fishbone-diagram-template-ppt-1__pptx	1	-0.00	+0.12	+0.04	-0.01	324.1	536.9	7	0	7	0
flying-by-numbers-presentation__pptx	7	-0.01	+0.16	+0.01	-0.01	528.3	216.2	7	0	7	0
flying-by-numbers-presentation__pptx	8	+17.42	+4.57	+0.04	-0.22	323.7	290.8	14	12	14	12
flying-by-numbers-presentation__pptx	9	+0.01	+0.20	+0.08	+0.00	666.1	281.8	8	5	8	5
gfopportunitiesforlinkagespres_2010_en__ppt	16	+0.02	-0.03	+0.03	-0.01	356.4	402.6	6	6	6	6
ghgp-supply-chain-initiative_20100323_wri__pptx	5	+0.02	-0.08	+0.06	-0.02	680.5	322.7	4	4	4	4
ghgp-supply-chain-initiative_20100323_wri__pptx	6	+7.58	-173.03	-6.47	-0.03	456.5	208.4	4	4	4	4
ghgp-supply-chain-initiative_20100323_wri__pptx	8	+0.01	-0.05	+0.05	-0.01	660.8	434.6	10	0	10	0
ghgp-supply-chain-initiative_20100323_wri__pptx	12	+0.03	-0.02	+0.05	+93.31	686.0	207.7	4	4	4	4
ghgp-supply-chain-initiative_20100323_wri__pptx	13	+12.83	-0.04	+0.03	-0.06	697.5	144.9	14	7	14	14
ghgp-supply-chain-initiative_20100323_wri__pptx	15	+0.01	+0.08	+0.04	-0.01	702.8	405.6	7	0	7	0
ghgp-supply-chain-initiative_20100323_wri__pptx	16	-0.01	-0.04	-0.10	-0.04	477.5	113.2	6	0	10	0
ghgp-supply-chain-initiative_20100323_wri__pptx	17	-0.01	-0.81	+0.01	+0.01	708.4	515.8	13	4	13	4
ghgp-supply-chain-initiative_20100323_wri__pptx	20	+0.00	-0.04	+0.03	+0.01	666.8	341.0	5	0	5	0
ghgp-supply-chain-initiative_20100323_wri__pptx	21	-0.01	+0.07	+0.03	-0.01	642.8	318.3	7	0	7	0
ghgp-supply-chain-initiative_20100323_wri__pptx	22	-0.00	-0.02	+0.01	-0.02	332.8	79.4	4	0	4	0
ghgp-supply-chain-initiative_20100323_wri__pptx	23	+0.00	+0.05	+0.05	+0.00	672.8	356.4	4	4	4	4
ghgp-supply-chain-initiative_20100323_wri__pptx	24	+0.00	+0.01	+0.04	+0.01	685.1	386.3	4	4	4	4
ghgp-supply-chain-initiative_20100323_wri__pptx	27	+0.03	-0.03	+0.04	+43.82	678.0	388.6	10	20	12	20
ghgp-supply-chain-initiative_20100323_wri__pptx	28	+0.01	-0.13	+0.08	-0.01	636.8	515.9	29	0	29	0
ghgp-supply-chain-initiative_20100323_wri__pptx	34	+0.00	+0.01	+0.01	+0.00	631.8	312.0	10	0	10	5
ghgp-supply-chain-initiative_20100323_wri__pptx	46	+0.01	-0.10	+0.05	-0.00	696.0	395.1	20	0	20	0
ghgp-supply-chain-initiative_20100323_wri__pptx	47	-0.01	-0.50	+0.01	+0.00	672.8	426.0	23	0	23	0
ghgp-supply-chain-initiative_20100323_wri__pptx	48	+0.01	+0.47	+0.06	-0.01	672.8	441.6	19	0	19	0
hofman__ppt	8	-0.01	+0.01	-0.00	+0.00	386.0	233.3	14	4	14	4
hofman__ppt	11	+0.00	-0.07	+0.04	+34.64	606.0	358.7	18	16	18	16
iaeg_work_group_leader_updates__pptx	1	+0.03	-0.03	+0.05	-0.03	564.0	90.9	20	10	20	10
iep-amount-frequency-for-webinar__ppt	14	+0.21	+0.19	-0.19	-0.20	666.4	371.1	5	5	5	5
iep-amount-frequency-for-webinar__ppt	15	+0.21	+0.20	-0.21	-0.20	660.4	392.8	5	5	5	5
iep-amount-frequency-for-webinar__ppt	16	+0.00	+0.20	-0.01	-0.20	654.0	360.4	0	5	0	5
iep-amount-frequency-for-webinar__ppt	17	+0.00	+0.19	+0.01	-0.20	642.0	326.3	0	5	0	5
iep-amount-frequency-for-webinar__ppt	22	+0.00	+0.20	+0.00	-0.20	666.0	370.4	0	5	0	5
iep-amount-frequency-for-webinar__ppt	24	+0.00	+0.21	-0.01	-0.20	672.0	338.9	0	5	0	5
iep-amount-frequency-for-webinar__ppt	25	+0.01	+0.19	+0.00	-0.19	672.0	314.8	0	5	0	5
iep-amount-frequency-for-webinar__ppt	26	+0.00	+0.19	+0.01	-0.19	660.0	352.4	0	5	0	5
iep-amount-frequency-for-webinar__ppt	27	+0.20	+0.20	-0.21	-0.19	654.4	412.4	4	5	4	5
iep-amount-frequency-for-webinar__ppt	29	+0.00	+0.21	-0.01	-0.21	672.0	156.4	0	5	0	5
introduction_to_bea_tuxedo__ppt	12	+0.01	-0.01	+0.00	-0.00	79.3	189.2	8	8	4	8
introduction_to_bea_tuxedo__ppt	13	+370.78	-0.02	+0.04	-0.04	464.5	189.3	8	8	8	6
introduction_to_bea_tuxedo__ppt	14	+370.78	-0.02	+0.04	-0.04	464.5	189.3	8	8	8	6
introduction_to_bea_tuxedo__ppt	16	+10.99	+0.02	-11.00	+0.00	678.0	66.0	4	0	4	4
introduction_to_bea_tuxedo__ppt	28	+0.02	+0.00	+0.01	-0.04	330.0	60.0	8	0	8	0
introduction_to_bea_tuxedo__ppt	29	+0.03	+0.02	+0.00	-0.04	306.0	108.1	8	0	8	0
introduction_to_bea_tuxedo__ppt	30	+0.03	+0.02	+0.00	+113.96	306.0	108.1	9	0	8	0
introduction_to_bea_tuxedo__ppt	33	+0.00	+1.46	+95.96	-0.03	438.0	478.5	38	4	36	4
introduction_to_bea_tuxedo__ppt	36	+0.00	+0.04	+0.01	+0.00	444.0	237.0	12	5	12	20
joint_user_outcomes_michael_fullerton_29.06.12__ppt	15	+0.47	+36.30	-0.48	-0.49	618.9	386.5	19	6	19	6
line_chart__pptx	1	+4.25	+4.85	-7.77	-0.23	540.2	261.8	8	0	8	0
medicines_bulletin_february_2023_final__pptx	1	+0.03	-0.04	+0.06	-0.02	215.2	61.5	4	4	0	4
outlook_of_nigerian_pension_sector__ppt	5	-0.01	-0.02	-0.00	-0.04	584.0	368.6	0	4	0	4
outlook_of_nigerian_pension_sector__ppt	6	+0.02	+0.07	-0.05	+0.03	273.9	278.3	8	4	8	4
outlook_of_nigerian_pension_sector__ppt	7	+0.20	+0.18	-0.17	-0.19	305.1	287.5	6	6	6	6
outlook_of_nigerian_pension_sector__ppt	10	+0.00	+0.05	-0.01	-0.01	296.1	251.0	7	4	7	4
passiv__pptx	4	+0.00	-0.02	+0.04	+33.35	418.3	132.6	10	0	10	0
passiv__pptx	7	+0.00	-0.17	+0.01	+0.00	629.1	302.2	7	0	7	0
pods05__ppt	3	+0.00	-0.60	-0.02	-0.02	680.8	202.2	8	16	8	16
pods05__ppt	5	+0.04	+0.00	+37.02	+223.38	552.0	72.0	4	4	4	4
pods05__ppt	16	+0.01	-0.04	-0.01	-0.04	408.0	234.0	4	4	4	4
pods05__ppt	18	+0.00	+0.00	+0.04	+0.01	649.0	253.0	4	6	4	6
pods05__ppt	19	+0.00	+0.02	-0.01	-0.02	684.5	202.8	8	16	8	12
pods05__ppt	20	+0.03	+0.02	-0.00	-0.04	660.5	202.9	16	32	16	16
pods05__ppt	21	+0.02	-0.60	-0.00	-0.02	660.0	94.4	4	8	4	8
pods05__ppt	22	+0.01	+162.01	+0.03	-0.01	654.0	246.0	4	10	4	10
pods05__ppt	24	-0.03	-0.97	+0.03	+0.96	600.9	108.6	12	0	12	0
pods05__ppt	25	-0.00	+0.03	-0.03	+0.04	464.2	227.9	11	0	11	0
pods05__ppt	29	+0.02	-1.81	-0.04	-0.02	206.2	340.2	6	0	6	0
pods05__ppt	30	+0.01	-1.81	-0.04	-0.03	206.0	238.2	4	0	4	0
pods05__ppt	31	+0.02	-0.04	+0.03	-0.01	48.0	108.0	4	4	0	4
pods05__ppt	32	+0.01	+0.01	-0.01	-0.02	48.0	108.0	4	4	0	4
pods05__ppt	37	+0.03	-1.79	+0.01	-0.02	206.0	238.2	4	0	4	0
pods05__ppt	47	+0.19	+18.09	-0.21	+0.00	648.4	367.1	7	0	7	0
pods05__ppt	52	+0.03	-0.60	-0.00	-0.02	660.5	202.2	8	16	8	16
pods05__ppt	53	+0.00	+0.02	-0.02	-0.02	680.8	202.8	8	16	8	14
pods05__ppt	55	+0.20	+1.67	-0.21	-0.19	654.4	373.0	7	7	7	7
pods05__ppt	56	+0.20	+70.27	-0.21	-0.20	654.4	484.5	10	5	12	6
pods05__ppt	58	+0.00	-0.64	+0.00	-0.02	648.0	449.0	14	16	14	16
pods05__ppt	60	+0.02	-1.81	-0.04	-0.02	206.2	340.2	6	0	6	0
pres_ioc_phuket__ppt	5	+0.02	+0.02	+0.03	+0.00	156.0	120.0	16	16	16	16
pres_ioc_phuket__ppt	6	+0.02	-0.03	+0.01	-0.03	492.0	342.0	4	4	4	4
pres_ioc_phuket__ppt	23	+0.01	+0.47	-0.01	-0.48	480.0	60.9	0	7	0	7
pres_ioc_phuket__ppt	24	+0.00	+0.47	-0.01	-0.47	560.0	60.9	0	8	0	8
redac-nasops-201503-RIRP-portfolio-update__pptx	8	+0.03	-0.03	+0.06	-0.01	792.0	73.6	4	4	4	4
redac-nasops-201503-RIRP-portfolio-update__pptx	11	-0.01	-0.05	+0.09	+0.02	726.8	218.6	4	6	4	6
redac-nasops-201503-RIRP-portfolio-update__pptx	12	-0.02	-0.02	+0.02	+0.02	689.5	186.4	4	6	4	6
redac-nasops-201503-RIRP-portfolio-update__pptx	15	+0.03	-0.03	+0.06	-0.01	792.0	73.6	4	4	4	4
redac-nasops-201503-RIRP-portfolio-update__pptx	18	-0.02	+6.08	+0.08	+0.01	696.8	185.6	4	6	4	6
redac-nasops-201503-RIRP-portfolio-update__pptx	30	+0.04	-0.03	+0.05	-0.01	103.9	225.3	14	4	14	4
redac-nasops-201503-RIRP-portfolio-update__pptx	31	+0.04	-0.04	+0.05	+21.14	559.3	259.0	10	4	10	4
redac-nasops-201503-RIRP-portfolio-update__pptx	34	-0.02	-0.02	+0.08	+0.01	696.8	304.4	6	7	6	7
redac-nasops-201503-RIRP-portfolio-update__pptx	41	+0.03	-0.02	+0.04	+0.01	482.2	59.4	4	0	4	0
redac-nasops-201503-RIRP-portfolio-update__pptx	43	+0.03	-0.03	+0.06	-0.01	792.0	73.6	4	4	4	4
redac-sas-201403-ppt-portfolio-rev-sim__pptx	2	-0.00	-0.23	+0.04	+0.00	618.7	382.9	15	4	15	4
redac-sas-201403-ppt-portfolio-rev-sim__pptx	6	-0.01	-0.00	-0.01	-0.02	91.6	95.3	4	0	4	0
redac-sas-201403-ppt-portfolio-rev-sim__pptx	7	+0.06	-0.04	+0.34	+0.44	84.2	120.5	7	0	7	0
redac-sas-201403-ppt-portfolio-rev-sim__pptx	9	+0.00	-0.11	+0.04	-0.00	555.8	335.0	7	4	7	4
redac-sas-201403-ppt-portfolio-rev-sim__pptx	10	-0.01	-0.03	+0.09	-0.01	291.4	63.3	0	6	0	6
redac-sas-201403-ppt-portfolio-rev-sim__pptx	11	-0.01	-0.02	+0.05	+0.01	282.8	63.3	0	6	0	6
redac-sas-201403-ppt-portfolio-rev-sim__pptx	12	-0.01	-0.03	+0.05	-0.00	282.8	63.3	0	6	0	6
redac-sas-201403-ppt-portfolio-rev-sim__pptx	13	+0.00	-0.02	+0.10	+0.01	291.4	63.3	0	6	0	6
redac-sas-201403-ppt-portfolio-rev-sim__pptx	14	+0.00	+4.76	+0.06	-0.01	282.8	68.1	0	6	0	6
redac-sas-201509-asisp-research__pptx	14	+0.01	-0.02	+0.04	+0.01	647.3	183.1	4	4	4	4
redac-sas-201509-asisp-research__pptx	28	+0.05	-0.04	+0.03	-0.03	574.4	60.3	0	10	0	10
redac-sas-201509-asisp-research__pptx	37	+13.05	-0.02	+0.03	-0.07	480.0	240.5	12	6	12	12
redac-sas-201509-asisp-research__pptx	38	+13.05	-0.02	+0.03	-0.07	480.0	240.5	12	6	12	12
redac-sas-201509-asisp-research__pptx	39	+13.05	-0.03	+0.03	-0.05	480.0	240.5	12	6	12	12
redac-sas-201509-asisp-research__pptx	42	+13.05	-0.02	+0.03	-0.07	480.0	240.5	12	6	12	12
scatter_chart__pptx	1	+4.06	+4.73	+0.08	-1.03	583.1	252.3	12	10	12	10
schematicplay__pptx	7	+0.01	-0.03	-0.01	-0.04	909.1	359.4	8	12	8	12
schematicplay__pptx	17	+0.11	+0.13	-0.13	-0.11	183.7	272.0	4	4	4	4
schematicplaymar21__pptx	7	+0.01	-0.03	-0.01	-0.04	909.1	359.4	8	12	8	12
schematicplaymar21__pptx	17	+0.11	+0.13	-0.13	-0.11	183.7	272.0	4	4	4	4
section_1_our_rights_presentation__pptx	5	-0.00	+0.04	+0.01	-0.01	847.0	307.0	7	0	7	0
section_1_our_rights_presentation__pptx	7	+0.00	+0.05	+0.13	+0.01	880.9	355.4	4	8	4	8
section_1_our_rights_presentation__pptx	8	-0.00	+0.06	+0.05	-0.00	886.2	403.9	0	4	0	4
section_1_our_rights_presentation__pptx	9	+0.00	-60.18	+0.05	-0.00	886.2	420.4	0	4	0	4
section_1_our_rights_presentation__pptx	10	+0.00	+0.04	+0.13	+0.00	887.0	389.9	4	8	4	8
section_1_our_rights_presentation__pptx	11	+0.00	+0.05	+0.05	-0.00	886.2	519.1	0	4	0	4
section_1_our_rights_presentation__pptx	12	+0.01	-0.03	+0.11	-0.01	855.7	354.0	4	8	4	8
section_1_our_rights_presentation__pptx	13	-0.00	+0.06	+0.05	+0.00	886.2	461.5	0	4	0	4
section_1_our_rights_presentation__pptx	14	+0.00	-0.04	+0.05	-0.01	886.2	372.8	0	4	0	4
section_1_our_rights_presentation__pptx	15	+0.00	+0.11	+0.07	-0.01	883.8	414.9	5	8	5	8
section_1_our_rights_presentation__pptx	16	-0.00	+0.03	+0.05	+0.01	886.2	425.7	0	4	0	4
section_1_our_rights_presentation__pptx	17	-0.00	-0.00	+0.05	+0.00	886.2	410.3	0	4	0	4
section_1_our_rights_presentation__pptx	18	+0.00	+0.05	+0.07	+0.01	883.8	411.8	5	8	5	8
section_1_our_rights_presentation__pptx	19	-0.00	+0.02	+0.02	+0.00	889.0	404.0	0	4	0	4
section_1_our_rights_presentation__pptx	20	+0.00	+0.01	+0.05	-0.01	886.2	443.8	0	4	0	4
section_1_our_rights_presentation__pptx	21	+0.01	+0.06	+0.12	-0.01	884.6	413.8	5	8	5	8
section_1_our_rights_presentation__pptx	22	+0.00	+114.74	-102.10	-82.12	883.7	419.7	6	0	8	8
section_1_our_rights_presentation__pptx	23	-0.00	-51.67	+0.02	+0.00	889.0	428.9	0	4	0	4
section_1_our_rights_presentation__pptx	24	+0.00	+0.06	+0.11	-0.01	861.6	336.6	4	8	4	8
section_1_our_rights_presentation__pptx	25	-0.00	+0.06	+0.02	+0.00	889.0	423.1	0	4	0	4
servicedesk-plus-overviewfinal__pptx	2	+0.01	-0.02	+0.02	-0.04	205.5	175.2	4	0	4	0
servicedesk-plus-overviewfinal__pptx	8	+0.00	-0.04	+0.01	-0.03	205.5	175.1	4	0	4	0
solog_orientation_august_2019__pptx	7	+0.00	-0.03	+0.06	-0.01	630.8	146.8	6	4	6	4
southern-classic-kennesaw-state-university-final__pptx	3	+0.05	-0.04	+0.03	-0.06	498.0	145.6	8	0	8	0
southern-classic-kennesaw-state-university-final__pptx	7	+0.03	-0.03	+0.03	-0.06	343.0	43.3	4	0	4	0
southern-classic-kennesaw-state-university-final__pptx	9	+4.24	+4.34	+0.21	-0.16	343.4	269.9	6	0	6	0
southern-classic-kennesaw-state-university-final__pptx	10	-402.14	-63.57	-504.96	-142.65	485.9	201.8	5	0	6	0
southern-classic-kennesaw-state-university-final__pptx	11	+0.03	-0.11	+0.06	-0.08	102.8	66.9	0	4	0	4
southern-classic-kennesaw-state-university-final__pptx	12	-0.00	+0.00	+0.06	+234.26	461.6	87.6	4	6	4	0
southern-classic-kennesaw-state-university-final__pptx	14	+4.24	+18.30	-18.20	-0.11	562.2	280.6	7	0	7	0
southern-classic-kennesaw-state-university-final__pptx	15	+0.01	-0.05	+0.05	-0.04	446.7	322.3	4	4	4	4
southern-classic-kennesaw-state-university-final__pptx	16	+0.01	+0.13	+0.05	-0.01	377.9	165.7	5	0	5	0
southern-classic-kennesaw-state-university-final__pptx	18	+0.01	+0.15	+0.04	+0.01	348.3	297.1	8	4	10	4
southern-classic-kennesaw-state-university-final__pptx	19	-0.00	+0.42	+0.07	-0.00	651.7	438.5	9	0	10	0
southern-classic-kennesaw-state-university-final__pptx	20	+0.02	-0.13	+11.73	-0.04	871.4	371.8	8	12	8	12
stacked_area_chart__pptx	1	+4.16	+4.87	+0.36	-0.23	492.6	273.8	10	0	10	0
stacked_bar_chart__pptx	1	+4.16	+4.88	+0.27	-0.24	505.7	276.7	10	0	10	0
undp_presentation_revised_17_may__ppt	5	+0.00	+0.05	+0.03	+0.02	98.6	288.6	12	0	12	0
undp_presentation_revised_17_may__ppt	7	+0.00	+0.06	+0.01	+0.03	546.7	275.6	16	12	16	12
undp_presentation_revised_17_may__ppt	11	+0.47	+20.28	-0.49	+0.03	585.0	361.2	8	0	8	0
undp_presentation_revised_17_may__ppt	16	-0.01	+0.01	-0.00	+0.01	440.4	65.1	8	8	8	8
undp_presentation_revised_17_may__ppt	18	-0.02	+0.03	-0.03	+0.03	589.6	305.3	8	10	8	10
vvsummit2022-Research-Roadmap-and-the-UML-3-Operational-Integration-Assessment__pptx	13	+0.00	-0.05	+0.02	-0.00	178.1	365.7	11	0	11	0
vvsummit2022-Research-Roadmap-and-the-UML-3-Operational-Integration-Assessment__pptx	14	+0.00	-0.05	+0.02	-0.00	178.1	365.7	11	0	11	0
vvsummit2022-Research-Roadmap-and-the-UML-3-Operational-Integration-Assessment__pptx	15	+0.00	-0.05	+0.02	-0.00	178.1	365.7	11	0	11	0
vvsummit2022-Research-Roadmap-and-the-UML-3-Operational-Integration-Assessment__pptx	16	+0.00	-0.05	+0.02	-0.00	178.1	365.7	11	0	11	0
vvsummit2022-Research-Roadmap-and-the-UML-3-Operational-Integration-Assessment__pptx	17	+0.00	-0.05	+0.02	-0.00	178.1	365.7	11	0	11	0
vvsummit2022-Research-Roadmap-and-the-UML-3-Operational-Integration-Assessment__pptx	18	+0.00	-0.05	+0.02	-0.00	178.1	365.7	11	0	11	0
vvsummit2022-Research-Roadmap-and-the-UML-3-Operational-Integration-Assessment__pptx	32	+0.02	-0.04	+0.05	-0.00	151.2	329.9	0	4	0	4
ws_prod-g-doc-Events-2007-Approval-of-Flight-Conditions-RM-NAA-16032007__ppt	7	+0.00	-0.02	+0.00	-0.02	648.0	360.3	8	4	8	4
ws_prod-g-doc-Events-2007-Approval-of-Flight-Conditions-RM-NAA-16032007__ppt	8	+0.00	-0.02	+0.00	-0.02	648.0	303.5	4	4	4	4
ws_prod-g-doc-Events-2007-Approval-of-Flight-Conditions-RM-NAA-16032007__ppt	10	+0.03	-0.01	-0.01	-0.04	334.5	175.8	6	0	6	0
ws_prod-g-doc-Events-2007-Approval-of-Flight-Conditions-RM-NAA-16032007__ppt	11	+0.03	-0.04	+0.00	+0.01	170.0	238.1	6	0	6	0
ws_prod-g-doc-Events-2007-Privileges__ppt	2	-0.01	+0.03	-0.03	-0.00	361.0	251.6	12	10	12	10
ws_prod-g-doc-Events-2007-Privileges__ppt	4	-0.01	-83.09	-0.02	+0.03	439.5	166.3	9	0	6	0
ws_prod-g-doc-Events-2007-september-MDM.032-(ENGLISH)-CZ__ppt	31	+0.00	-0.02	-0.01	+29.98	414.5	108.0	10	0	10	0
ws_prod-g-doc-Events-2008-February-5-NATO-activities__ppt	3	+0.02	-0.49	+0.00	-0.04	624.0	192.7	6	8	6	8
ws_prod-g-doc-Events-2008-February-5-NATO-activities__ppt	5	+0.37	+0.37	-0.37	-0.38	345.7	277.0	0	8	0	8
