sheets/pagination-001/xlsx/sectors-defense-and-aerospace.xlsx	Carlito-Regular,DejaVuSans
slides/done-010/pptx/Tax factsheet 2022 (1).pptx	Carlito-Bold,Carlito-Regular,DejaVuSans,LiberationSans,LiberationSans-Bold
slides/done-013/ppt/2015-Civil-Rights-Website-training.ppt	DejaVuSans,DejaVuSans-Bold,DejaVuSansMono,LiberationMono,LiberationSans,LiberationSans-Bold,LiberationSans-Italic,LiberationSerif,LiberationSerif-Bold,LiberationSerif-BoldItalic,LiberationSerif-Italic,OpenSymbol
words/done-009/doc/A380MaenPressRel.doc	Carlito-Regular,DejaVuSerif,DejaVuSerif-Bold,LiberationSerif,LiberationSerif-BoldItalic,LiberationSerif-Italic
words/done-010/doc/f111.doc	Carlito-Regular,DejaVuSans,LiberationSans,LiberationSans-Bold,LiberationSans-Italic,OpenSymbol
words/done-011/doc/AAC-AD-No-2021-01-Boeing-737-8-and-737-9-MAX.doc	Carlito-Bold,Carlito-Regular,FreeSerif,LiberationSans,LiberationSans-Bold,LiberationSerif
words/done-013/doc/1228841571067_2009_TPPT_13__2007_TPPT_102__R-108535759.doc	DejaVuSerif,LiberationSerif,LiberationSerif-Bold,LiberationSerif-BoldItalic,LiberationSerif-Italic
words/done-013/doc/1257259179492_2007_TPPT_102_Supporting_Doc_2-434003080.doc	LiberationSerif,LiberationSerif-Bold,LiberationSerif-Italic,OpenSymbol
words/done-014/doc/300502-Mecenat-Airbus-Simusante_CHU-Amiens-Picardie.doc	LiberationSans,LiberationSans-Bold,LiberationSans-Italic,OpenSymbol
words/done-015/docx/PI-doc.-no.-2E-Technical-Review-Report.docx	Carlito-Bold,Carlito-Regular,DejaVuSerif-Bold,FreeSerif,LiberationSans,LiberationSans-Bold,LiberationSerif,LiberationSerif-Bold,LiberationSerif-Italic
words/metrics-001/docx/AWR OPS-AOC 044 Statement of Compliance RVSM  Rev 04 01 Feb 2024.docx	Carlito-Bold,Carlito-BoldItalic,Carlito-Italic,Carlito-Regular,DejaVuSans,DejaVuSans-Bold,DejaVuSerif,FreeSerif
words/pagination-001/docx/ESPN-R - MCF - Manual - Ed1.0 - For Publication.docx	Carlito-Bold,Carlito-BoldItalic,Carlito-Italic,Carlito-Regular,DejaVuSerif,FreeSerif
words/pagination-002/doc/150_5300_13_chg12.doc	DejaVuSans,DejaVuSans-Bold,DejaVuSerif,DejaVuSerif-Bold,LiberationSans,LiberationSans-Bold,LiberationSerif,LiberationSerif-Bold,LiberationSerif-Italic,OpenSymbol
words/pagination-003/docx/150-5370-10H.docx	Carlito-Regular,DejaVuSans-Bold,DejaVuSerif,DejaVuSerif-Bold,FreeSerif,LiberationMono,LiberationMono-Bold,LiberationMono-Italic,LiberationSans-Bold,LiberationSerif,LiberationSerif-Bold,LiberationSerif-BoldItalic,LiberationSerif-Italic,OpenSymbol
