path	charts	revcat	lblpos	acctfmt
sheets/chartset-001/xlsx/001_advanced_excel_bar.xlsx	1	0	0	0
sheets/chartset-001/xlsx/002_advanced_excel_line.xlsx	1	0	0	0
sheets/chartset-001/xlsx/005_advanced_excel_area.xlsx	1	0	0	0
sheets/chartset-001/xlsx/006_advanced_excel_scatter.xlsx	1	0	0	0
sheets/chartset-001/xlsx/016_advanced_excel_radar.xlsx	1	1	0	0
sheets/chartset-001/xlsx/022_advanced_excel_scatter.xlsx	1	0	0	0
sheets/chartset-001/xlsx/025_advanced_excel_bar.xlsx	1	0	0	0
sheets/chartset-001/xlsx/028_advanced_excel_doughnut.xlsx	1	0	0	0
sheets/chartset-001/xlsx/032_advanced_excel_radar.xlsx	1	1	0	0
sheets/chartset-001/xlsx/033_advanced_excel_bar.xlsx	1	0	0	0
sheets/chartset-002/xlsx/003_advanced_excel_pie.xlsx	1	0	0	0
sheets/chartset-002/xlsx/007_advanced_excel_bubble.xlsx	1	0	0	0
sheets/chartset-002/xlsx/011_advanced_excel_pie.xlsx	1	0	0	0
sheets/chartset-002/xlsx/012_advanced_excel_doughnut.xlsx	1	0	0	0
sheets/chartset-002/xlsx/013_advanced_excel_area.xlsx	1	0	0	0
sheets/chartset-002/xlsx/021_advanced_excel_area.xlsx	1	0	0	0
sheets/chartset-002/xlsx/026_advanced_excel_line.xlsx	1	0	0	0
sheets/chartset-002/xlsx/027_advanced_excel_pie.xlsx	1	0	0	0
sheets/chartset-002/xlsx/030_advanced_excel_scatter.xlsx	1	0	0	0
sheets/chartset-002/xlsx/034_advanced_excel_line.xlsx	1	0	0	0
sheets/chartset-003/xlsx/004_advanced_excel_doughnut.xlsx	1	0	0	0
sheets/chartset-003/xlsx/008_advanced_excel_radar.xlsx	1	1	0	0
sheets/chartset-003/xlsx/014_advanced_excel_scatter.xlsx	1	0	0	0
sheets/chartset-003/xlsx/015_advanced_excel_bubble.xlsx	1	0	0	0
sheets/chartset-003/xlsx/017_advanced_excel_bar.xlsx	1	0	0	0
sheets/chartset-003/xlsx/018_advanced_excel_line.xlsx	1	0	0	0
sheets/chartset-003/xlsx/020_advanced_excel_doughnut.xlsx	1	0	0	0
sheets/chartset-003/xlsx/024_advanced_excel_radar.xlsx	1	1	0	0
sheets/chartset-003/xlsx/029_advanced_excel_area.xlsx	1	0	0	0
sheets/chartset-003/xlsx/031_advanced_excel_bubble.xlsx	1	0	0	0
sheets/chartset-004/xlsx/009_advanced_excel_bar.xlsx	1	0	0	0
sheets/chartset-004/xlsx/010_advanced_excel_line.xlsx	1	0	0	0
sheets/chartset-004/xlsx/019_advanced_excel_pie.xlsx	1	0	0	0
sheets/chartset-004/xlsx/023_advanced_excel_bubble.xlsx	1	0	0	0
sheets/chartset-004/xlsx/DynamicBubbleChart.xlsx	1	0	0	0
sheets/chartset-004/xlsx/microsoft_learn_multi_chart_examples.xlsx	5	0	0	0
sheets/chartset-005/xlsx/004_Contextures_chart_sample_de7c0671.xlsx	1	0	0	0
sheets/chartset-005/xlsx/022_Pareto_Chart_Template_-_Pareto_Analysis_in_Excel_with_Pareto_Diagram_82b5a874.xlsx	1	0	0	0
sheets/chartset-005/xlsx/067_Basic_invoice_Use_this_template_1d35c3e9.xlsx	0	0	0	1
sheets/chartset-006/xlsx/005_Contextures_chart_sample_6e279b08.xlsx	6	0	0	0
sheets/chartset-006/xlsx/006_Contextures_chart_sample_afa23b53.xlsx	1	0	0	0
sheets/chartset-006/xlsx/044_Cash_flow_forecast_Use_this_template_b8fa1f35.xlsx	1	0	0	2
sheets/chartset-006/xlsx/052_Manufacturing_output_chart_88570318.xlsx	1	0	0	0
sheets/chartset-006/xlsx/061_Regional_sales_chart_cb9eb690.xlsx	1	0	0	0
sheets/chartset-006/xlsx/088_To-do_list_with_progress_tracker_Use_this_template_8c438912.xlsx	0	0	0	1
sheets/chartset-006/xlsx/089_Vintage_inventory_list_Use_this_template_f616cac0.xlsx	0	0	0	1
sheets/chartset-007/xlsm/003_Contextures_chart_sample_9bda2719.xlsm	2	1	0	0
sheets/chartset-007/xlsx/037_Personal_money_tracker_a57957bb.xlsx	2	0	0	1
sheets/chartset-007/xlsx/040_Blood_pressure_tracker_872b6833.xlsx	1	0	1	0
sheets/chartset-007/xlsx/050_Financial_vision_d44241e1.xlsx	1	0	0	0
sheets/chartset-007/xlsx/058_Social_media_engagement_data_cfa1cb18.xlsx	1	0	0	0
sheets/chartset-007/xlsx/063_Sales_pipeline_aec57013.xlsx	1	0	0	1
sheets/chartset-007/xlsx/082_Project_to_do_list_28f80082.xlsx	0	0	0	1
sheets/chartset-007/xlsx/090_Weekly_time_sheet_Use_this_template_0499cc43.xlsx	0	0	0	1
sheets/chartset-008/xlsx/008_Contextures_chart_sample_7ea7a1d7.xlsx	1	1	0	0
sheets/chartset-008/xlsx/021_Control_Chart_Template_-_Create_Control_Charts_in_Excel_fd3b1a5d.xlsx	4	0	0	0
sheets/chartset-008/xlsx/023_Waterfall_Chart_Template_for_Excel_349f7689.xlsx	2	1	0	0
sheets/chartset-008/xlsx/034_Personal_net_worth_calculator_f7b8fb57.xlsx	2	1	0	1
sheets/chartset-008/xlsx/046_Cost_analysis_with_Pareto_chart_7db5ef69.xlsx	1	0	0	0
sheets/chartset-008/xlsx/055_Project_timeline_with_milestones_Use_this_template_546cecc0.xlsx	1	0	0	1
sheets/chartset-009/xlsx/018_Weight_Loss_Chart_-_Free_Printable_Weight_Loss_Charts_and_Weight_Log_3337bd0a.xlsx	2	0	0	1
sheets/chartset-009/xlsx/029_Annual_budget_Use_this_template_30324a97.xlsx	3	0	0	0
sheets/chartset-009/xlsx/041_Business_budget_ef942467.xlsx	1	0	0	1
sheets/chartset-009/xlsx/053_Personal_asset_inventory_5446d84b.xlsx	1	0	0	1
sheets/chartset-009/xlsx/056_Quarterly_sale_report_baa6bb0d.xlsx	1	1	1	2
sheets/chartset-009/xlsx/075_Idea_planner_tasks_f44ebd73.xlsx	0	0	0	1
sheets/chartset-009/xlsx/081_Project_performance_report_Use_this_template_be2468b3.xlsx	0	0	0	1
sheets/chartset-009/xlsx/085_Simple_Gantt_chart_d65b8377.xlsx	0	0	0	1
sheets/chartset-010/xlsx/047_Date_tracker_Gantt_chart_bf34f3a8.xlsx	1	0	0	0
sheets/chartset-010/xlsx/062_Run_chart_cb7476ea.xlsx	1	0	0	1
sheets/chartset-010/xlsx/065_Weight_loss_tracker_ff1c89af.xlsx	1	0	1	0
sheets/chartset-010/xlsx/084_Service_invoice_Use_this_template_c92b43dc.xlsx	0	0	0	1
sheets/chartset-011/xlsm/007_Contextures_chart_sample_667d8e47.xlsm	0	0	0	1
sheets/chartset-011/xlsx/010_Contextures_chart_sample_e6ea06a3.xlsx	1	1	0	0
sheets/chartset-011/xlsx/028_Budget_summary_report_4aeefd13.xlsx	3	0	0	0
sheets/chartset-011/xlsx/030_Basic_balance_sheet_Use_this_template_10ed9144.xlsx	2	2	0	0
sheets/chartset-011/xlsx/042_Business_monthly_budget_4e4d092f.xlsx	1	0	0	1
sheets/chartset-011/xlsx/057_Simple_balance_sheet_Use_this_template_e2d4cbb2.xlsx	1	0	0	2
sheets/chartset-011/xlsx/060_Monthly_company_budget_47b2a99a.xlsx	1	0	0	1
sheets/chartset-011/xlsx/066_Agile_Gantt_chart_08f9de45.xlsx	0	0	0	1
sheets/chartset-012/xlsx/002_Contextures_chart_sample_f605e7bc.xlsx	3	0	0	0
sheets/chartset-012/xlsx/009_Contextures_chart_sample_adcb3f6c.xlsx	0	0	0	1
sheets/chartset-012/xlsx/012_Contextures_chart_sample_9900da76.xlsx	1	0	0	0
sheets/chartset-012/xlsx/013_Contextures_chart_sample_21b98e22.xlsx	2	0	0	0
sheets/chartset-012/xlsx/026_Monthly_cash_flow_statement_Use_this_template_8aaebea1.xlsx	4	0	0	1
sheets/chartset-012/xlsx/036_Simple_to-do_list_Use_this_template_ba44373b.xlsx	2	0	0	0
sheets/chartset-012/xlsx/080_Profit_and_loss_income_statement_3566dae9.xlsx	0	0	0	1
sheets/chartset-013/xlsx/001_Contextures_chart_sample_b089bc34.xlsx	1	0	0	0
sheets/chartset-013/xlsx/019_Free_Blood_Sugar_Chart_for_Excel_-_Track_Your_Blood_Sugar_Level_36f4a782.xlsx	3	0	0	0
sheets/chartset-013/xlsx/031_Business_expense_budget_f3a46278.xlsx	2	1	1	1
sheets/chartset-013/xlsx/032_Business_expenses_budget_d377eaab.xlsx	2	2	0	3
sheets/chartset-013/xlsx/033_Event_planning_tracker_Use_this_template_f29a848e.xlsx	2	0	0	0
sheets/chartset-013/xlsx/035_Project_plan_for_law_firms_aa2d4462.xlsx	2	0	0	0
sheets/chartset-013/xlsx/043_Buy_a_car_vs._rideshare_ff07c7e6.xlsx	1	0	0	1
sheets/chartset-013/xlsx/049_Expenses_calculator_c351f3d0.xlsx	1	0	0	1
sheets/chartset-013/xlsx/059_Milestone_and_task_project_timeline_Use_this_template_24f1e8f1.xlsx	1	0	0	0
sheets/chartset-014/xlsx/025_Printable_Reward_Charts_for_Kids_-_Reward_Chart_Template_aabacd93.xlsx	0	0	0	1
sheets/chartset-014/xlsx/027_Simple_personal_cash_flow_statement_675c6584.xlsx	4	0	0	1
sheets/chartset-014/xlsx/038_Baby_growth_chart_bb9cd672.xlsx	1	0	0	0
sheets/chartset-014/xlsx/039_Baby_growth_tracker_e295ae56.xlsx	1	0	0	0
sheets/chartset-014/xlsx/045_Check_register_with_chart_4becb8a0.xlsx	1	1	0	1
sheets/chartset-014/xlsx/048_Expense_trends_budget_18d1e8ba.xlsx	1	0	0	0
sheets/chartset-014/xlsx/064_Small_business_cash_flow_Use_this_template_0a640756.xlsx	1	0	0	1
sheets/done-001/xlsx/FMMO_NMPF_37C.xlsx	0	0	0	1
sheets/done-001/xlsx/einvoice-summary-worksheet.xlsx	0	0	0	1
sheets/done-003/xlsx/00514292.xlsx	0	0	0	1
sheets/done-003/xlsx/redac-sas-201503-fy17-research-portfolio.xlsx	0	0	0	1
sheets/done-004/xlsx/Travel-Cost-Estimate-Calculator.xlsx	0	0	0	1
sheets/done-006/xlsx/SSRO_Quarterly_Statistical_Bulletin_Q3201617_DATA.xlsx	0	0	0	1
sheets/done-007/xlsx/ecopy of 2016 statistical bulletin_public finance statistics_final.xlsx	0	0	0	1
sheets/done-008/xlsx/airports_6.xlsx	0	0	0	1
sheets/done-010/xlsx/Keywords_Mapping_Graphs_and_Charts.xlsx	11	0	0	0
sheets/done-011/xlsx/FY2023-AIP-grants.xlsx	0	0	0	1
sheets/done-012/xlsx/2025_Active_Civil_Airmen_Statistics_FINAL.xlsx	0	0	0	1
sheets/done-012/xlsx/CSJU List of Recipients of funds 2013-2020.xlsx	0	0	0	1
sheets/done-012/xlsx/Copy of EASA-IFP-WEBLISTNOODATA-ListsofBASAapprovals(WEB)_ListofValidUSBASAorganisations_2023-01-13-04-33-14.xlsx	0	0	0	1
sheets/done-012/xlsx/EASA-IFP-WEBLISTNOODATA-ListsofBASAapprovals_WEB__ListofValidBASAorganisations_2025-01-20-08-56-36.xlsx	0	0	0	1
sheets/done-013/xlsx/FY2021-AIP-grants.xlsx	0	0	0	1
sheets/done-015/xlsx/Global_Market_Forecast_2016-2035_Airbus_Data_Set.xlsx	0	0	0	1
slides/ceiling-001/pptx/N2_E_Maestroni_Swarm_COP.pptx	1	1	1	0
slides/ceiling-001/pptx/Sylva%20introduction%20session.pptx	1	0	0	0
slides/ceiling-002/pptx/8_P-Pavese_AIRBUS-ATB-journee-CRATB.pptx	6	0	0	0
slides/ceiling-002/pptx/Demick_JetBlue.pptx	5	0	0	4
slides/chart-001/pptx/southern-classic-kennesaw-state-university-final.pptx	21	0	0	1
slides/chartset-001/pptx/008_advanced_powerpoint_bubble.pptx	1	0	1	0
slides/chartset-001/pptx/015_advanced_powerpoint_scatter.pptx	1	0	0	0
slides/chartset-001/pptx/016_advanced_powerpoint_bubble.pptx	1	0	1	0
slides/chartset-001/pptx/031_advanced_powerpoint_scatter.pptx	1	0	0	0
slides/chartset-001/pptx/bar_chart.pptx	1	0	0	0
slides/chartset-001/pptx/combo_bar_line_chart.pptx	1	0	0	0
slides/chartset-001/pptx/line_chart.pptx	1	0	0	0
slides/chartset-001/pptx/scatter_chart.pptx	1	0	0	0
slides/chartset-001/pptx/stacked_area_chart.pptx	1	0	0	0
slides/chartset-001/pptx/stacked_bar_chart.pptx	1	0	0	0
slides/chartset-002/pptx/001_advanced_powerpoint_bar.pptx	1	0	1	0
slides/chartset-002/pptx/006_advanced_powerpoint_area.pptx	1	0	0	0
slides/chartset-002/pptx/007_advanced_powerpoint_scatter.pptx	1	0	0	0
slides/chartset-002/pptx/014_advanced_powerpoint_area.pptx	1	0	0	0
slides/chartset-002/pptx/017_advanced_powerpoint_bar.pptx	1	0	1	0
slides/chartset-002/pptx/023_advanced_powerpoint_scatter.pptx	1	0	0	0
slides/chartset-002/pptx/024_advanced_powerpoint_bubble.pptx	1	0	1	0
slides/chartset-002/pptx/030_advanced_powerpoint_area.pptx	1	0	0	0
slides/chartset-002/pptx/032_advanced_powerpoint_bubble.pptx	1	0	1	0
slides/chartset-002/pptx/033_advanced_powerpoint_bar.pptx	1	0	1	0
slides/chartset-003/pptx/002_advanced_powerpoint_column.pptx	1	0	0	0
slides/chartset-003/pptx/003_advanced_powerpoint_line.pptx	1	0	0	0
slides/chartset-003/pptx/005_advanced_powerpoint_doughnut.pptx	1	0	0	0
slides/chartset-003/pptx/009_advanced_powerpoint_bar.pptx	1	0	1	0
slides/chartset-003/pptx/010_advanced_powerpoint_column.pptx	1	0	0	0
slides/chartset-003/pptx/011_advanced_powerpoint_line.pptx	1	0	0	0
slides/chartset-003/pptx/012_advanced_powerpoint_pie.pptx	1	0	0	0
slides/chartset-003/pptx/019_advanced_powerpoint_line.pptx	1	0	0	0
slides/chartset-003/pptx/027_advanced_powerpoint_line.pptx	1	0	0	0
slides/chartset-003/pptx/028_advanced_powerpoint_pie.pptx	1	0	0	0
slides/chartset-004/pptx/004_advanced_powerpoint_pie.pptx	1	0	0	0
slides/chartset-004/pptx/013_advanced_powerpoint_doughnut.pptx	1	0	0	0
slides/chartset-004/pptx/018_advanced_powerpoint_column.pptx	1	0	0	0
slides/chartset-004/pptx/020_advanced_powerpoint_pie.pptx	1	0	0	0
slides/chartset-004/pptx/021_advanced_powerpoint_doughnut.pptx	1	0	0	0
slides/chartset-004/pptx/022_advanced_powerpoint_area.pptx	1	0	0	0
slides/chartset-004/pptx/025_advanced_powerpoint_bar.pptx	1	0	1	0
slides/chartset-004/pptx/026_advanced_powerpoint_column.pptx	1	0	0	0
slides/chartset-004/pptx/029_advanced_powerpoint_doughnut.pptx	1	0	0	0
slides/chartset-005/pptx/076_Hexadonut_Charts_for_PowerPoint_and_Google_Slides_2b879835.pptx	6	0	0	0
slides/chartset-006/pptx/031_Alarm_Clock_Pie-Chart_for_PowerPoint_and_Google_Slides_0b185a05.pptx	2	0	0	0
slides/chartset-006/pptx/044_Dual_Mind_Spark_Chart_for_PowerPoint_a83f890a.pptx	3	0	0	0
slides/chartset-007/pptx/035_Chemistry_Column_PowerPoint_Chart_45bf8a76.pptx	2	0	0	0
slides/chartset-007/pptx/047_Female_Radar_Brain_for_PowerPoint_and_Google_Slides_c2a541f6.pptx	2	0	0	0
slides/chartset-007/pptx/096_Lab_Flask_Charts_for_PowerPoint_and_Google_Slides_91e3cbb5.pptx	6	0	0	0
slides/chartset-008/pptx/038_Competitive_Advantage_Card_for_PowerPoint_and_Google_Slides_373720f6.pptx	2	0	0	0
slides/chartset-008/pptx/072_Gear_Pie_Chart_for_PowerPoint_and_Google_Slides_d464d3a0.pptx	6	0	0	0
slides/chartset-008/pptx/100_Lime_and_Lemon_Data-Driven_Chart_for_PowerPoint_d7bb4a44.pptx	6	0	0	0
slides/chartset-009/pptx/033_Battery_Percentage_Chart_c99c24b5.pptx	6	0	0	0
slides/chartset-009/pptx/052_Flame_Percentage_Chart_d27d49c4.pptx	8	0	0	0
slides/chartset-010/pptx/093_Insightful_Zoom_Chart_22b5464e.pptx	2	0	0	0
slides/chartset-012/pptx/061_Four-Stage_Serpentine_Chart_05699efe.pptx	8	0	0	0
slides/done-007/pptx/bitesize-writing-a-report.pptx	2	0	0	0
slides/done-007/pptx/flying-by-numbers-presentation.pptx	1	0	0	0
slides/done-010/pptx/Sector_Skills_Insights_Advanced_Manufacturing_summary_slide_pack.pptx	1	0	0	0
slides/done-011/pptx/171128IPAP.pptx	9	0	0	0
slides/done-011/pptx/1_Country-Updates_DRC_English.pptx	3	0	0	0
slides/done-011/pptx/3492.pptx	4	0	0	0
slides/done-011/pptx/3495.pptx	4	0	0	0
slides/done-012/pptx/Intersil_Italy_CAN_Bus_Transceiver_Presentation_Final.pptx	1	0	0	0
slides/done-015/pptx/RPA P4 - Advanced Material.pptx	1	0	1	0
slides/extra-001/pptx/FAAAIandtheArtandScienceofV&Vfinal.pptx	1	0	0	0
words/ceiling-001/docx/ABCD-FE-01-00 Flight Envelope - v1 08.03.16.docx	1	0	0	0
words/chartset-001/docx/clustered-column-result.docx	1	0	0	0
words/chartset-001/docx/clustered-column-template.docx	1	0	0	0
words/chartset-001/docx/pie-chart-result.docx	1	0	0	0
words/chartset-001/docx/pie-chart-template.docx	1	0	0	0
words/chartset-009/docx/027_Unit_Circle_Chart_Graphical_Chart_5462a579.docx	1	0	0	0
words/chartset-010/docx/023_Unit_Circle_Chart_Circular_Percentage_790f7b75.docx	1	0	0	0
words/chartset-010/docx/028_Unit_Circle_Chart_Optimized_Graph_83d9c756.docx	1	0	0	0
words/chartset-011/docx/029_Unit_Circle_Chart_Pie_Theme_8a922142.docx	1	0	0	0
words/chartset-012/docx/021_Unit_Circle_Chart_3D_Pie_Chart_404247ab.docx	1	0	0	0
