doc	pages	ink_signed	ink_abs	residual	residual_per_page	ceiling_pages	major	major_on_ceiling
NAS-Infrastructure-Roadmaps-v16.0__pptx	137	104.34	157.46	157.46	1.149	0	55	0
Wildlife for REDAC September 11__pptx	41	55.90	61.98	61.98	1.512	0	7	0
8_P-Pavese_AIRBUS-ATB-journee-CRATB__pptx	26	47.90	48.94	48.94	1.882	0	2	0
2015-Civil-Rights-Website-training__ppt	94	32.36	44.42	44.42	0.473	0	19	0
Reporting_responsibilities_matrix__pptx	268	23.05	34.88	34.88	0.130	0	2	0
ITE106-Chapter 4__ppt	47	21.56	28.63	28.63	0.609	0	11	0
8.16_AOD_FINAL_Provider_Training_Presentation_9_2009__ppt	94	23.24	27.26	27.26	0.290	0	8	0
Demick_JetBlue__pptx	10	25.75	25.91	25.91	2.591	0	6	0
chapter_4_0__pptx	54	14.22	25.43	25.43	0.471	0	3	0
Thailand17__ppt	54	12.08	22.28	22.28	0.413	0	9	0
ws_prod-g-doc-Events-2007-september-M.017-(French)-France__ppt	55	18.63	21.17	21.17	0.385	0	2	0
16 - UTM - (NASA)__pptx	37	13.95	20.25	20.25	0.547	0	8	0
2014BSA_Sunday_Killion__pptx	50	17.76	19.82	19.82	0.396	0	6	0
Snowbirds_High_Show__pptx	41	13.19	19.44	19.44	0.474	0	0	0
Employment-Based_I-485__ppt	42	14.79	18.99	18.99	0.452	0	6	0
FAA_Form_337__ppt	67	13.21	18.68	18.68	0.279	0	12	0
undp_presentation_revised_17_may__ppt	22	15.53	18.39	18.39	0.836	0	6	0
71393_pp7__ppt	39	11.86	17.37	17.37	0.445	0	9	0
dhs-293364__pptx	39	12.76	17.09	17.09	0.438	0	4	0
Intersil_Italy_CAN_Bus_Transceiver_Presentation_Final__pptx	39	10.97	16.95	16.95	0.435	0	5	0
airbus-powerpoint-presentation-2019-20-without-video_diy_2019-20__pptx	38	5.03	16.72	16.72	0.440	0	4	0
berlin__ppt	29	13.86	16.67	16.67	0.575	0	10	0
ev122_jj-liew-tort-of-bribery-webinar__pptx	24	10.68	15.23	15.23	0.635	0	8	0
BUS-Chapter 05__ppt	50	12.33	14.26	14.26	0.285	0	6	0
171128IPAP__pptx	40	11.14	13.87	13.87	0.347	0	3	0
southern-classic-kennesaw-state-university-final__pptx	23	8.66	12.85	12.85	0.559	0	6	0
NAS-Infrastructure-Roadmaps-Weather__pptx	11	10.99	11.97	11.97	1.088	0	5	0
gfopportunitiesforlinkagespres_2010_en__ppt	27	8.10	11.84	11.84	0.439	0	5	0
County ACHS Presentaion Webinar 8-16-16 Peg__pptx	26	7.96	11.80	11.80	0.454	0	3	0
pods05__ppt	60	8.89	11.25	11.25	0.188	0	4	0
080214-Intl-pol-frameworks-and-their-implications-for-Africa-ISS-workshop__ppt	18	6.78	11.18	11.18	0.621	0	3	0
EG1_dsrc tech__ppt	26	9.63	10.88	10.88	0.418	0	1	0
gillikin_online_user_mtg_2010__ppt	40	8.09	10.41	10.41	0.260	0	3	0
order-of-worship-ppt-revised-2018__pptx	28	8.41	10.22	10.22	0.365	0	2	0
RRM-training-syllabus-Chapter-3-Teamwork-TC-Towing-Incident-Analysis-Dec-2009__ppt	27	6.72	10.09	10.09	0.374	0	4	0
concepts-surrounding-cloud-computing-carolyn-kranz-and-rich-prem-gb-seattle-2011__ppt	36	5.86	9.29	9.29	0.258	0	1	0
vvsummit2022-Research-Roadmap-and-the-UML-3-Operational-Integration-Assessment__pptx	33	8.30	9.02	9.02	0.273	0	1	0
ghgp-supply-chain-initiative_20100323_wri__pptx	52	7.92	8.75	8.75	0.168	0	7	0
Technical_Report_Elements[1]__pptx	39	6.73	8.74	8.74	0.224	0	5	0
Copy of Full deck with references Promotion of Outside Interests at Work final(1)__pptx	33	6.19	8.54	8.54	0.259	0	3	0
3495__pptx	26	7.45	8.48	8.48	0.326	0	2	0
OnTrac_StarCertificationProgram-3Day__pptx	15	7.61	8.48	8.48	0.565	0	2	0
ws_prod-g-doc-Events-r-6.-ESM__ppt	25	6.84	8.43	8.43	0.337	0	0	0
Structural Testing__pptx	89	6.09	8.38	8.38	0.094	0	4	0
100_Lime_and_Lemon_Data-Driven_Chart_for_PowerPoint_d7bb4a44__pptx	5	6.54	8.24	8.24	1.648	0	4	0
joint_user_outcomes_michael_fullerton_29.06.12__ppt	20	7.07	8.12	8.12	0.406	0	3	0
WiGr_2021W_1_Angebot-Nachfrage-Elastizität-211017-171222__pptx	51	6.05	8.12	8.12	0.159	0	4	0
RESPA_-_Section_8_Webinar__ppt	35	6.32	7.82	7.82	0.223	0	0	0
pres_ioc_phuket__ppt	26	6.93	7.75	7.75	0.298	0	3	0
redac-nasops-201503-RIRP-portfolio-update__pptx	46	6.50	7.71	7.71	0.168	0	2	0
introduction_to_bea_tuxedo__ppt	40	5.53	7.69	7.69	0.192	0	3	0
JesuitAssocOfStudentPersonnel__ppt	31	6.77	7.67	7.67	0.247	0	1	0
PRM_training__pptx	22	6.87	7.37	7.37	0.335	0	3	0
iep-amount-frequency-for-webinar__ppt	39	5.89	7.12	7.12	0.183	0	0	0
G-InvoicingKeithJarboe__pptx	13	6.20	7.09	7.09	0.545	0	3	0
redac-sas-201509-asisp-research__pptx	45	5.80	7.01	7.01	0.156	0	0	0
ws_prod-g-doc-Events-industrymeeting18112004-European-Safety-Strategy-Initiative__ppt	10	5.64	6.94	6.94	0.694	0	2	0
NAS-Infrastructure-Roadmaps-HSI__pptx	9	6.17	6.60	6.60	0.733	0	2	0
section_1_our_rights_presentation__pptx	30	5.57	6.50	6.50	0.217	0	0	0
Architecture__ppt	29	1.62	6.43	6.43	0.222	0	6	0
Sector_Skills_Insights_Advanced_Manufacturing_summary_slide_pack__pptx	24	4.95	6.31	6.31	0.263	0	2	0
wells08_basic__ppt	27	4.95	6.30	6.30	0.233	0	2	0
BHCA Part II webinar #2 - 10.2020__pptx	21	5.56	6.25	6.25	0.298	0	2	0
social-media-app-bulletin-january__pptx	4	5.72	6.21	6.21	1.552	0	1	0
HENTZEN_COMPOSITE_MATERIALS_IN_THE_AEROSPACE_INDUSTRY__pptx	12	5.24	5.87	5.87	0.489	0	2	0
DoIRD Meeting 16JAN14 v1-1__pptx	15	4.23	5.86	5.86	0.391	0	2	0
30-04-2021 merged NDoH and NICD_Presentation HBV BD meeting 05May2021_1__pptx	18	3.81	5.80	5.80	0.322	0	2	0
Aerospace_Journey_of_Flight_Chapter_BCB1637572DA6__ppt	26	2.51	5.71	5.71	0.220	0	0	0
RPA P4 - Advanced Material__pptx	20	4.95	5.68	5.68	0.284	0	3	0
SRDMG(16)024_60 GHz onboard airplanes__pptx	26	5.04	5.51	5.51	0.212	0	3	0
FIT26-Presentation-Airservices-Update__pptx	11	4.58	5.35	5.35	0.486	0	2	0
B2B-Center-Readiness-and-Student-Retention__pptx	33	3.89	5.32	5.32	0.161	0	2	0
schematicplaymar21__pptx	21	3.65	5.18	5.18	0.247	0	1	0
schematicplay__pptx	21	3.69	5.14	5.14	0.245	0	1	0
flying-by-numbers-presentation__pptx	10	0.93	5.11	5.11	0.511	0	10	0
BMFE-06-03 (Gerflor) Smoke Density and Toxicity__pptx	6	5.02	5.06	5.06	0.843	0	1	0
Lepore__ppt	20	4.78	4.90	4.90	0.245	0	1	0
3492__pptx	22	4.26	4.80	4.80	0.218	0	3	0
ws_prod-g-doc-Events-2007-september-MDM.032-(ENGLISH)-CZ__ppt	38	3.20	4.49	4.49	0.118	0	0	0
97936__pptx	15	3.82	4.46	4.46	0.297	0	1	0
1-secretariat__ppt	10	3.24	4.39	4.39	0.439	0	2	0
010605Vul__ppt	21	3.12	4.33	4.33	0.206	0	1	0
Inducement-to-Insurance-Business__ppt	22	3.53	4.26	4.26	0.194	0	0	0
REDAC Briefing_SSIT_CARA_08132014.ppt__pptx	14	3.98	4.20	4.20	0.300	0	0	0
bitesize-writing-a-report__pptx	15	2.68	4.15	4.15	0.277	0	2	0
FAAAIandtheArtandScienceofV&Vfinal__pptx	30	2.94	4.14	4.14	0.138	0	2	0
5b_upasana_dasgupta_-_liability_and_registration__pptx	15	3.42	3.84	3.84	0.256	0	3	0
REDAC briefing March12-13-2014jemvbFINAL.ppt__pptx	25	3.00	3.82	3.82	0.153	0	1	0
attendance-updates-for-governors__pptx	30	2.37	3.80	3.80	0.127	0	0	0
Framing Europe__ppt	24	2.48	3.76	3.76	0.157	0	0	0
architecture6__ppt	31	3.02	3.68	3.68	0.119	0	1	0
DOE Interactive Exercise Presentation draft rev 2__pptx	10	2.87	3.60	3.60	0.360	0	1	0
passiv__pptx	21	2.42	3.53	3.53	0.168	0	6	0
redac-sas-201403-ppt-portfolio-rev-sim__pptx	14	2.73	3.44	3.44	0.246	0	2	0
Course Selection 2025-26 Current Grade 09__pptx	10	2.67	3.41	3.41	0.341	0	1	0
nabiyeleul_1_aviation_service_28_july_2020__pptx	9	0.99	3.37	3.37	0.374	0	1	0
Item 6b - UNSD - Dissemination through APIs__pptx	10	2.68	3.35	3.35	0.335	0	0	0
_1___Opatrny_Ales_United_Kingdom_business_opportunities_final__pptx	25	2.18	3.33	3.33	0.133	0	1	0
066_Free_PowerPoint_Layered_Funnel_Process_c0b380ec__pptx	5	2.10	3.30	3.30	0.660	0	5	0
Fundamentals_Module_1_basics__ppt	26	2.26	3.20	3.20	0.123	0	1	0
10. Drawings, circuit diagrams and schematics__pptx	23	2.98	3.18	3.18	0.138	0	0	0
ws_prod-g-doc-Events-Part-M-presentation__ppt	30	2.28	3.13	3.13	0.104	0	1	0
outlook_of_nigerian_pension_sector__ppt	12	2.15	3.12	3.12	0.260	0	1	0
Sylva%20introduction%20session__pptx	15	0.88	2.99	2.99	0.199	0	3	0
ws_prod-g-doc-Events-2007-Privileges__ppt	15	2.35	2.99	2.99	0.199	0	4	0
088_Infographic_Quadrant_Pie_Chart_7b1e8abd__pptx	3	0.06	2.98	2.98	0.993	0	2	0
Sean Monogue__pptx	15	1.88	2.98	2.98	0.199	0	0	0
082_Infographic_Funnel_with_4_Stages_for_PowerPoint_72d4f125__pptx	3	1.47	2.97	2.97	0.990	0	2	0
429_BLISc 2019 IInd Sem.  PAPER-7 UNIT 3__pptx	20	1.95	2.88	2.88	0.144	0	0	0
ws_prod-g-doc-Events-2007-may-presentation-PtF-background-+-principles__ppt	20	2.35	2.86	2.86	0.143	0	0	0
1200-Assigning-Club-officers__pptx	16	2.16	2.82	2.82	0.176	0	1	0
AATF-Fact-Sheet-2025__pptx	9	1.83	2.77	2.77	0.308	0	3	0
ws_prod-g-doc-Events-industrymeeting18112004-Aercap__ppt	12	2.19	2.74	2.74	0.228	0	0	0
solog_orientation_august_2019__pptx	15	2.21	2.69	2.69	0.179	0	0	0
067_Free_PowerPoint_Layered_Funnel_Process_4_Stages_4deb9647__pptx	4	1.60	2.68	2.68	0.670	0	4	0
W3_Case_Study_of_a_Tsunami_Warning_Simulation_Exercise_Ed__ppt	20	2.01	2.64	2.64	0.132	0	1	0
096_Lab_Flask_Charts_for_PowerPoint_and_Google_Slides_91e3cbb5__pptx	3	1.03	2.55	2.55	0.850	0	2	0
081_Infographic_Funnel_w_3_Stages_for_PowerPoint_28e26b31__pptx	3	1.26	2.50	2.50	0.833	0	2	0
PAL Block Intro 2023__pptx	20	1.81	2.22	2.22	0.111	0	1	0
redac-sas-201703-hf-research-division__pptx	13	1.60	2.21	2.21	0.170	0	1	0
servicedesk-plus-overviewfinal__pptx	66	1.80	2.19	2.19	0.033	0	0	0
COMSTAC_11_5_2021am_2__pptx	39	1.42	2.10	2.10	0.054	0	0	0
Session-1-Presentation-Reporting-Forms-Form-12-final__pptx	15	1.39	2.04	2.04	0.136	0	2	0
Tax factsheet 2022 (1)__pptx	27	1.66	2.03	2.03	0.075	0	0	0
02_REDAC_New ATM briefing _March 2017v2__pptx	6	1.65	1.98	1.98	0.330	0	0	0
N2_E_Maestroni_Swarm_COP__pptx	30	1.18	1.83	1.83	0.061	0	0	0
035_Chemistry_Column_PowerPoint_Chart_45bf8a76__pptx	3	0.83	1.77	1.77	0.590	0	2	0
Statement of Work presentation__pptx	10	0.68	1.77	1.77	0.177	0	0	0
7-Zulkefli_Part147n66_IKMAS__pptx	18	1.12	1.75	1.75	0.097	0	2	0
0335fab9-79f0-4944-b92c-f223837ca2d8__ppt	12	1.26	1.72	1.72	0.143	0	0	0
REDAC HF briefing Sep 2016_LARD_ATC_TO_FE_v2__pptx	18	1.23	1.71	1.71	0.095	0	0	0
031_Alarm_Clock_Pie-Chart_for_PowerPoint_and_Google_Slides_0b185a05__pptx	3	1.51	1.64	1.64	0.547	0	1	0
095_Interwoven_Bars_e5aa46c2__pptx	3	0.00	1.62	1.62	0.540	0	2	0
057_Four-Branch_Diagram_for_PowerPoint_and_Google_Slides_ddf5d27c__pptx	3	0.06	1.59	1.59	0.530	0	2	0
076_Hexadonut_Charts_for_PowerPoint_and_Google_Slides_2b879835__pptx	3	0.08	1.58	1.58	0.527	0	2	0
055_Four_Pillar_Hierarchy_for_PowerPoint_and_Google_Slides_6b42ed18__pptx	3	0.03	1.56	1.56	0.520	0	2	0
012_3-Step_Hexagons_Puzzle_Diagram_for_PowerPoint_982482b5__pptx	3	0.11	1.55	1.55	0.517	0	2	0
093_Insightful_Zoom_Chart_22b5464e__pptx	3	1.37	1.53	1.53	0.510	0	0	0
022_5-Step_Hexagons_Puzzle_Diagram_for_PowerPoint_eda9895e__pptx	3	0.12	1.52	1.52	0.507	0	2	0
018_4-Step_Hexagons_Puzzle_Diagram_for_PowerPoint_19957cce__pptx	3	0.10	1.51	1.51	0.503	0	2	0
075_Heart_Arc_Radial_for_PowerPoint_and_Google_Slides_a27a3021__pptx	3	0.07	1.51	1.51	0.503	0	2	0
089_Infographic_Radial_Matrix_for_PowerPoint_and_Google_Slides_eb0550f2__pptx	3	0.98	1.51	1.51	0.503	0	2	0
077_Horizontal_Org_Chart_for_PowerPoint_and_Google_Slides_8cf07020__pptx	3	0.02	1.51	1.51	0.503	0	2	0
FIT26-Presentation-PR-Briefing-Debrief-Airbus__pptx	9	1.20	1.50	1.50	0.167	0	0	0
016_4-Position_Org_Chart_1d3640b6__pptx	3	0.07	1.49	1.49	0.497	0	2	0
021_5-Position_Org_Chart_cb042559__pptx	3	0.07	1.48	1.48	0.493	0	2	0
1_Country-Updates_DRC_English__pptx	16	1.23	1.48	1.48	0.092	0	0	0
099_Light_Bulb_SWOT_for_PowerPoint_and_Google_Slides_554a1e33__pptx	3	0.06	1.44	1.44	0.480	0	2	0
ws_prod-g-doc-Events-2007-Approval-of-Flight-Conditions-RM-NAA-16032007__ppt	14	1.23	1.43	1.43	0.102	0	0	0
032_BCG_Growth-Share_Matrix_560d0485__pptx	3	1.39	1.42	1.42	0.473	0	1	0
redac-fullComm-201705-EE-FRs-briefing__pptx	8	1.12	1.41	1.41	0.176	0	0	0
ws_prod-g-doc-Events-2008-February-5-NATO-activities__ppt	13	0.55	1.39	1.39	0.107	0	2	0
Liturgical-Commission-2025-Convention-Presentation__pptx	9	1.02	1.38	1.38	0.153	0	1	0
047_Female_Radar_Brain_for_PowerPoint_and_Google_Slides_c2a541f6__pptx	4	0.34	1.36	1.36	0.340	0	2	0
scatter_chart__pptx	1	1.25	1.34	1.34	1.340	0	1	0
038_Competitive_Advantage_Card_for_PowerPoint_and_Google_Slides_373720f6__pptx	3	0.61	1.33	1.33	0.443	0	2	0
072_Gear_Pie_Chart_for_PowerPoint_and_Google_Slides_d464d3a0__pptx	3	1.23	1.33	1.33	0.443	0	0	0
hofman__ppt	13	1.05	1.33	1.33	0.102	0	0	0
079_Horizontal_Relationships_for_PowerPoint_and_Google_Slides_a3d35f63__pptx	3	1.06	1.32	1.32	0.440	0	0	0
026_6-Part_Hexagon_Radial_Diagram_b8ca3f40__pptx	3	0.02	1.22	1.22	0.407	0	2	0
Presentation - Identify Components of the Airport (1)__pptx	12	0.80	1.20	1.20	0.100	0	0	0
Curriculum-Schematic-E22-11052025__pptx	12	0.11	1.19	1.19	0.099	0	8	0
027_6-Point_Dual_Hub_Comparison_13f9af30__pptx	3	0.12	1.09	1.09	0.363	0	2	0
028_8-Point_Dual_Hub_Comparison_d6c5dde5__pptx	3	0.14	1.09	1.09	0.363	0	0	0
Stakeholders-v08052017 - v5__pptx	13	0.59	1.08	1.08	0.083	0	0	0
NWD-GLA-Community-Outreach-Day-Oct-2025__pptx	13	0.76	1.06	1.06	0.082	0	1	0
manufacturing_process_simulation_working_group_overview_2023__pptx	7	0.76	1.06	1.06	0.151	0	0	0
[Christophe]NLP_reseau_inge_stat__pptx	17	0.90	1.05	1.05	0.062	0	2	0
BasicMed_AME_Presentation__pptx	18	0.79	1.04	1.04	0.058	0	0	0
item_3-environmental_process_briefing__pptx	12	0.97	1.01	1.01	0.084	0	0	0
Session 21- The option to expand & abandon__pptx	12	0.91	1.00	1.00	0.083	0	0	0
060_Four-Part_Radial_Core_Diagram_40d6614e__pptx	3	0.10	0.98	0.98	0.327	0	2	0
c_291533__pptx	19	0.68	0.98	0.98	0.052	0	0	0
wopanets-innovationdays-06-16__pptx	15	0.70	0.98	0.98	0.065	0	0	0
ANG C-1 ATC-TO Core Program - HF REDAC briefing September 7 2016__pptx	19	0.67	0.97	0.97	0.051	0	0	0
033_Battery_Percentage_Chart_c99c24b5__pptx	3	0.88	0.96	0.96	0.320	0	2	0
048_Five-Arrows_Converging_Cycle_bb192e27__pptx	3	0.01	0.96	0.96	0.320	0	0	0
111006 COMSTAC STOWG Aero spaceports IFG__pptx	8	0.90	0.96	0.96	0.120	0	1	0
Airport Planning 09112013__ppt	9	0.86	0.96	0.96	0.107	0	0	0
John_Broggio__RSS_Campion_event_John_Broggio__pptx	25	0.76	0.93	0.93	0.037	0	0	0
073_Halo_Radial_for_PowerPoint_and_Google_Slides_4bd0918b__pptx	3	0.41	0.88	0.88	0.293	0	0	0
001_1-2-3_Horizontal_Hierarchy_39795b4d__pptx	3	0.02	0.87	0.87	0.290	0	1	0
043_Dual_Horizontal_Hierarchy_for_PowerPoint_and_Google_Slides_5074b09e__pptx	3	0.12	0.79	0.79	0.263	0	1	0
049_Five-Block_Hub_Spoke_42ee8593__pptx	3	0.37	0.78	0.78	0.260	0	0	0
stacked_bar_chart__pptx	1	0.41	0.78	0.78	0.780	0	0	0
056_Four-Block_Hub_Spoke_134b89d1__pptx	3	0.30	0.77	0.77	0.257	0	0	0
vv_summit_SAIC-PRESENTATION_FAA-V&V-Summit_508c__pptx	19	0.46	0.71	0.71	0.037	0	0	0
vvsummit2022-SAIC-PRESENTATION__pptx	19	0.46	0.71	0.71	0.037	0	0	0
085_Infographic_Org_Chart_for_PowerPoint_5_Blocks_3870252f__pptx	3	0.12	0.69	0.69	0.230	0	2	0
002_10-Point_Dual_Hub_Comparison_4ee242c9__pptx	3	0.11	0.67	0.67	0.223	0	1	0
005_2-Step_Funnel_On_left_With_Text_767f0490__pptx	1	0.42	0.65	0.65	0.650	0	1	0
017_4-Stage_Vertical_Funnel_Diagram_for_PowerPoint_61e7bde5__pptx	1	0.37	0.65	0.65	0.650	0	1	0
068_Funnel_Diagram_for_PowerPoint_with_2_Steps_437e4ba7__pptx	1	0.43	0.65	0.65	0.650	0	1	0
004_2-Stage_Vertical_Funnel_Diagram_for_PowerPoint_593f4c80__pptx	1	0.38	0.63	0.63	0.630	0	1	0
011_3-Stage_Vertical_Funnel_Diagram_for_PowerPoint_10ce23dd__pptx	1	0.38	0.63	0.63	0.630	0	1	0
030_Abstract_Petal_Diagram_71aa5e3a__pptx	3	0.01	0.63	0.63	0.210	0	0	0
058_Four-Direction_Divergence_Diagram_for_PowerPoint_and_Google_Slides_9838e28d__pptx	3	0.44	0.63	0.63	0.210	0	0	0
23-session-2-pptx__pptx	16	0.38	0.61	0.61	0.038	0	1	0
090_Infographic_Radial_for_PowerPoint_and_Google_Slides_16a69891__pptx	3	0.10	0.59	0.59	0.197	0	2	0
iris07.12.12__pptx	21	0.26	0.59	0.59	0.028	0	1	0
091_Infographic_Radial_for_PowerPoint_and_Google_Slides_c6909fa6__pptx	3	0.09	0.57	0.57	0.190	0	2	0
WC_Update-Aug03__ppt	11	0.40	0.57	0.57	0.052	0	0	0
023_5-Step_Progress_Cards_91d5ff57__pptx	3	0.27	0.56	0.56	0.187	0	0	0
010_3-Group_Hierarchy_for_PowerPoint_and_Google_Slides_20476ce0__pptx	3	0.53	0.55	0.55	0.183	0	2	0
Ramp Up Campaign - French__pptx	6	0.50	0.55	0.55	0.092	0	2	0
029_8-Step_Neumorphic_Cycle_Diagram_b9b75044__pptx	3	0.20	0.54	0.54	0.180	0	2	0
006_2-Way_Horizontal_Hierarchy_for_PowerPoint_and_Google_Slides_7c1e5084__pptx	3	0.21	0.53	0.53	0.177	0	1	0
line_chart__pptx	1	0.53	0.53	0.53	0.530	0	0	0
017_advanced_powerpoint_bar__pptx	1	0.48	0.51	0.51	0.510	0	0	0
025_advanced_powerpoint_bar__pptx	1	0.45	0.50	0.50	0.500	0	0	0
040_Crab_Diagram_for_PowerPoint_and_Google_Slides_13d38ff3__pptx	3	0.50	0.50	0.50	0.167	0	2	0
009_advanced_powerpoint_bar__pptx	1	0.46	0.49	0.49	0.490	0	0	0
033_advanced_powerpoint_bar__pptx	1	0.46	0.49	0.49	0.490	0	0	0
086_Infographic_Org_Chart_for_PowerPoint_6_Blocks_f9086d83__pptx	3	0.25	0.49	0.49	0.163	0	1	0
combo_bar_line_chart__pptx	1	0.47	0.47	0.47	0.470	0	0	0
001_advanced_powerpoint_bar__pptx	1	0.43	0.46	0.46	0.460	0	0	0
ws_prod-g-doc-Events-2007-november-IACA-presentation-at-EASA-Fuel-Tank-Safety-Training-Seminar__ppt	10	0.34	0.46	0.46	0.046	0	0	0
Definitions commodity chains__pptx	4	0.43	0.43	0.43	0.107	0	0	0
Ensemble-pour-l-amelioration-de-la-securite-de-lac-AIRBUS__pptx	9	0.39	0.43	0.43	0.048	0	0	0
052_Flame_Percentage_Chart_d27d49c4__pptx	3	0.38	0.41	0.41	0.137	0	0	0
policy-pesentation__ppt	16	0.40	0.41	0.41	0.026	0	0	0
087_Infographic_Organization_Chart_for_PowerPoint_and_Google_Slides_2d951912__pptx	4	0.26	0.39	0.39	0.098	0	0	0
080_Infographic_Cycle_Venn_Diagram_for_PowerPoint_2e3cdb7f__pptx	3	0.38	0.38	0.38	0.127	0	0	0
039_Consumer_Decision_Journey_for_PowerPoint_319207e1__pptx	1	0.11	0.36	0.36	0.360	0	1	0
061_Four-Stage_Serpentine_Chart_05699efe__pptx	3	0.33	0.36	0.36	0.120	0	0	0
stacked_area_chart__pptx	1	0.34	0.35	0.35	0.350	0	0	0
013_3-Step_Segmented_Cycle_Process_5232f82d__pptx	3	0.26	0.28	0.28	0.093	0	0	0
019_4-Step_Segmented_Cycle_Process_2ff93c19__pptx	3	0.27	0.28	0.28	0.093	0	0	0
024_5-Step_Segmented_Cycle_Process_c8ca37ef__pptx	3	0.26	0.28	0.28	0.093	0	0	0
iaeg_work_group_leader_updates__pptx	1	0.26	0.27	0.27	0.270	0	0	0
084_Infographic_Hierarchy_Tree_for_PowerPoint_fda8141c__pptx	3	0.25	0.25	0.25	0.083	0	2	0
bar_chart__pptx	1	0.24	0.24	0.24	0.240	0	0	0
041_Crosswise_Quadrant_Diagram_ea8bdf52__pptx	3	0.19	0.22	0.22	0.073	0	0	0
050_Five-Point_Radial_Hub_00793e08__pptx	3	0.15	0.22	0.22	0.073	0	0	0
071_Funnel_Diagram_for_PowerPoint_with_5_Steps_5ceacdec__pptx	1	0.01	0.22	0.22	0.220	0	0	0
083_Infographic_Hexagon_Cluster_for_PowerPoint_and_Google_Slides_ef811a12__pptx	3	0.14	0.22	0.22	0.073	0	0	0
059_Four-Part_Concept_Puzzle_30cea7e5__pptx	6	0.14	0.20	0.20	0.033	0	0	0
097_Labeled_Organization_Chart_for_PowerPoint_and_Google_Slides_f24fa592__pptx	3	0.19	0.20	0.20	0.067	0	0	0
070_Funnel_Diagram_for_PowerPoint_with_4_Steps_975f1642__pptx	1	0.02	0.19	0.19	0.190	0	0	0
051_Five-Stage_Zigzag_Timeline_2bd39be9__pptx	3	0.14	0.18	0.18	0.060	0	0	0
069_Funnel_Diagram_for_PowerPoint_with_3_Steps_f96396fc__pptx	1	0.04	0.18	0.18	0.180	0	0	0
078_Horizontal_Pyramid_Org_Chart_for_PowerPoint_and_Google_Slides_70ea115a__pptx	3	0.06	0.18	0.18	0.060	0	0	0
092_Infographic_Tree_Diagram_for_PowerPoint_and_Google_Slides_d721fa00__pptx	3	0.16	0.18	0.18	0.060	0	0	0
006_advanced_powerpoint_area__pptx	1	0.17	0.17	0.17	0.170	0	0	0
042_Diamond_Hub_Infographic_a60cfaa1__pptx	3	0.15	0.17	0.17	0.057	0	0	0
046_Eight-Point_Strategic_Compass_35ee62de__pptx	3	0.15	0.17	0.17	0.057	0	0	0
065_Fourfold_Ribbon_Rings_for_PowerPoint_and_Google_Slides_39687419__pptx	3	0.06	0.17	0.17	0.057	0	0	0
005_advanced_powerpoint_doughnut__pptx	1	0.16	0.16	0.16	0.160	0	0	0
013_advanced_powerpoint_doughnut__pptx	1	0.16	0.16	0.16	0.160	0	0	0
021_advanced_powerpoint_doughnut__pptx	1	0.16	0.16	0.16	0.160	0	0	0
022_advanced_powerpoint_area__pptx	1	0.16	0.16	0.16	0.160	0	0	0
029_advanced_powerpoint_doughnut__pptx	1	0.16	0.16	0.16	0.160	0	0	0
053_Flow_Wave_Process_9c0082f4__pptx	3	0.11	0.15	0.15	0.050	0	0	0
Boeing 737 Max - Group 5__pptx	2	0.09	0.15	0.15	0.075	0	0	0
NCW-2024-Guide-__pptx	1	0.06	0.14	0.14	0.140	0	0	0
034_Central_Idea_Hub_Diagram_8258e6ad__pptx	3	0.11	0.13	0.13	0.043	0	0	0
064_Four-Step_Success_Cycle_30c0a917__pptx	3	0.09	0.13	0.13	0.043	0	0	0
044_Dual_Mind_Spark_Chart_for_PowerPoint_a83f890a__pptx	4	0.10	0.12	0.12	0.030	0	0	0
015_4-Option_Color_Wheel_Diagram_df7e4b8f__pptx	3	0.12	0.12	0.12	0.040	0	0	0
025_6-Option_Color_Wheel_Diagram_27e1c74d__pptx	3	0.12	0.12	0.12	0.040	0	0	0
014_advanced_powerpoint_area__pptx	1	0.10	0.11	0.11	0.110	0	0	0
020_5-Option_Color_Wheel_Diagram_104ea3b0__pptx	3	0.10	0.11	0.11	0.037	0	0	0
Trust Fund Excise Taxes Structure__pptx	1	0.09	0.11	0.11	0.110	0	0	0
009_3-Circle_Venn_PowerPoint_Diagram_2e59baa9__pptx	2	0.10	0.10	0.10	0.050	0	0	0
037_Circle_Matrix_Framework_44bc5218__pptx	3	0.05	0.09	0.09	0.030	0	0	0
062_Four-Step_Growth_Staircase_8a3ef338__pptx	3	0.05	0.09	0.09	0.030	0	0	0
074_Hashtag_Matrix_246eb8d9__pptx	3	0.07	0.09	0.09	0.030	0	0	0
098_Leaning_Cards_Process_dadb3738__pptx	3	0.06	0.09	0.09	0.030	0	0	0
medicines_bulletin_february_2023_final__pptx	1	0.06	0.09	0.09	0.090	0	0	0
014_3D_Radial_Block_List_for_PowerPoint_and_Google_Slides_0773075e__pptx	3	0.03	0.08	0.08	0.027	0	0	0
030_advanced_powerpoint_area__pptx	1	0.08	0.08	0.08	0.080	0	0	0
036_Chevron_Process_Cards_3c8f0ea1__pptx	3	0.03	0.08	0.08	0.027	0	0	0
054_Flowchart_Board_Game_for_PowerPoint_and_Google_Slides_1b047962__pptx	3	0.02	0.08	0.08	0.027	0	0	0
004_advanced_powerpoint_pie__pptx	1	0.01	0.07	0.07	0.070	0	0	0
012_advanced_powerpoint_pie__pptx	1	0.01	0.07	0.07	0.070	0	0	0
020_advanced_powerpoint_pie__pptx	1	0.01	0.07	0.07	0.070	0	0	0
028_advanced_powerpoint_pie__pptx	1	0.01	0.07	0.07	0.070	0	0	0
ROK-PI Climate Bulletin - Edition 2017-06__pptx	2	0.04	0.07	0.07	0.035	0	0	0
008_3-Circle_Venn_Diagram_024a12c5__pptx	3	0.05	0.07	0.07	0.023	0	0	0
007_3_Circles_Diagram_for_PowerPoint_dac9f170__pptx	3	0.04	0.06	0.06	0.020	0	0	0
010_advanced_powerpoint_column__pptx	1	0.06	0.06	0.06	0.060	0	0	0
063_Four-Step_Infinity_Loop_3480185b__pptx	3	0.05	0.06	0.06	0.020	0	0	0
094_Intersecting_Teardrops_for_PowerPoint_and_Google_Slides_ff43aedb__pptx	3	0.02	0.06	0.06	0.020	0	0	0
045_Dual-Segment_Quadrant_14a57221__pptx	3	0.00	0.05	0.05	0.017	0	0	0
018_advanced_powerpoint_column__pptx	1	0.03	0.04	0.04	0.040	0	0	0
003_2-Circle_Venn_Diagram_7ab74e5c__pptx	3	0.01	0.03	0.03	0.010	0	0	0
003_advanced_powerpoint_line__pptx	1	0.01	0.03	0.03	0.030	0	0	0
011_advanced_powerpoint_line__pptx	1	0.02	0.03	0.03	0.030	0	0	0
019_advanced_powerpoint_line__pptx	1	0.03	0.03	0.03	0.030	0	0	0
002_advanced_powerpoint_column__pptx	1	0.02	0.02	0.02	0.020	0	0	0
027_advanced_powerpoint_line__pptx	1	0.02	0.02	0.02	0.020	0	0	0
026_advanced_powerpoint_column__pptx	1	0.01	0.01	0.01	0.010	0	0	0
fishbone-diagram-template-ppt-1__pptx	1	0.01	0.01	0.01	0.010	0	0	0
007_advanced_powerpoint_scatter__pptx	1	0.00	0.00	0.00	0.000	0	0	0
008_advanced_powerpoint_bubble__pptx	1	0.00	0.00	0.00	0.000	0	0	0
015_advanced_powerpoint_scatter__pptx	1	0.00	0.00	0.00	0.000	0	0	0
016_advanced_powerpoint_bubble__pptx	1	0.00	0.00	0.00	0.000	0	0	0
023_advanced_powerpoint_scatter__pptx	1	0.00	0.00	0.00	0.000	0	0	0
024_advanced_powerpoint_bubble__pptx	1	0.00	0.00	0.00	0.000	0	0	0
031_advanced_powerpoint_scatter__pptx	1	0.00	0.00	0.00	0.000	0	0	0
032_advanced_powerpoint_bubble__pptx	1	0.00	0.00	0.00	0.000	0	0	0
diapo_6_fees_vous_etes_poctdoct_exterieur_a_luniv_v2_0_1__pptx	1	0.00	0.00	0.00	0.000	0	0	0
