words/batch-001/doc/FAA-2013-0422-0009_attachment_1.doc	LiberationSerif	LiberationSerif
words/batch-001/doc/GLACIERBG.ETT.doc	LiberationSerif,LiberationSerif-Bold,OpenSymbol	LiberationSerif,LiberationSerif-Bold,OpenSymbol
words/batch-001/doc/LENTOBUSSIAIKATAULU.-31.10.-31.12.2022.doc	LiberationSans,LiberationSans-Bold,LiberationSans-BoldItalic	LiberationSans,LiberationSans-Bold,LiberationSans-BoldItalic
words/batch-001/doc/advert-for-draft-decision-airbus-epr-bm3965ia-v006.doc	LiberationSans,LiberationSans-Bold,OpenSymbol	LiberationSans,LiberationSans-Bold,OpenSymbol
words/batch-001/doc/foca_form_1.doc	LiberationSans,LiberationSans-Bold	LiberationSans,LiberationSans-Bold
words/batch-001/docx/CMTA_Airport_Transportation.docx	LiberationSerif,LiberationSerif-Bold	LiberationSerif,LiberationSerif-Bold
words/batch-001/docx/Pre-Application_Letter_of_Intent_Example.docx	LiberationSans,LiberationSans-Bold	LiberationSans,LiberationSans-Bold
words/batch-001/docx/Sample_PAO-PSO_91-113_Letter.docx	Carlito-Bold,Carlito-Regular	Carlito-Bold,Carlito-Regular
words/batch-001/docx/Service-Bulletin-SDFNR5-April-25-2023-FNR-TRANSMISSION-LUBRICATION.docx	LiberationSans,LiberationSans-Bold,OpenSymbol	LiberationSans,LiberationSans-Bold,OpenSymbol
words/batch-001/docx/private-hire-operators-licensed.docx	Carlito-Bold,Carlito-Regular	Carlito-Bold,Carlito-Regular
words/batch-002/doc/Bull01-06-Reserve Training Standards.doc	LiberationSerif,LiberationSerif-Bold	LiberationSerif,LiberationSerif-Bold
words/batch-002/doc/FMRBullletinB-28.doc	LiberationSerif,LiberationSerif-Bold,LiberationSerif-Italic	LiberationSerif,LiberationSerif-Bold,LiberationSerif-Italic
words/batch-002/doc/prison-population-bulletin-june.doc	LiberationSans,LiberationSans-Bold	LiberationSans,LiberationSans-Bold
words/batch-002/docx/AUWG min 4-3-24 final.docx	Carlito-Italic,Carlito-Regular	Carlito-Italic,Carlito-Regular
words/batch-002/docx/CSCRS_Technical-Report-Documentation-Page-with-instructions.docx	LiberationSerif,LiberationSerif-Bold,LiberationSerif-Italic	LiberationSerif,LiberationSerif-Bold,LiberationSerif-Italic
words/batch-002/docx/FAA-High-Level-Org-Chart.docx	Carlito-Bold,Carlito-Regular,LiberationMono,OpenSymbol	Carlito-Bold,Carlito-Regular,LiberationMono,OpenSymbol
words/batch-002/docx/Interview-mit-Manfred1-Müller.docx	Carlito-Bold,Carlito-Regular	Carlito-Bold,Carlito-Regular
words/batch-002/docx/easa-form-1.docx	LiberationSans,LiberationSans-Bold	LiberationSans,LiberationSans-Bold
words/batch-002/docx/lk03_17.docx	LiberationSans,LiberationSans-Bold	LiberationSans,LiberationSans-Bold
words/batch-002/docx/s33song-beverlyactproductionofdocuments.docx	Carlito-Bold,Carlito-Italic,Carlito-Regular	Carlito-Bold,Carlito-Italic,Carlito-Regular
words/batch-003/doc/10795.doc	LiberationSans,LiberationSans-Bold,LiberationSans-Italic	LiberationSans,LiberationSans-Bold,LiberationSans-Italic,OpenSymbol
words/batch-003/doc/96-3-clement-data.doc	LiberationSans,LiberationSans-Bold,LiberationSans-Italic,OpenSymbol	LiberationSans,LiberationSans-Bold,LiberationSans-Italic,OpenSymbol
words/batch-003/doc/DEP2008-1900.doc	LiberationSans,LiberationSans-Bold,LiberationSerif,LiberationSerif-Bold,OpenSymbol	LiberationSans,LiberationSans-Bold,LiberationSerif,LiberationSerif-Bold
words/batch-003/doc/II.1.2_Hypoxia.doc	LiberationSerif,LiberationSerif-Bold	LiberationSerif,LiberationSerif-Bold
words/batch-003/doc/Temp16.doc	LiberationSans,LiberationSans-Bold,LiberationSans-BoldItalic	LiberationSans,LiberationSans-Bold,LiberationSans-BoldItalic
words/batch-003/docx/191216_Lesefassung_Nachtflugregelung.docx	LiberationSans,LiberationSans-Bold,LiberationSans-Italic,LiberationSerif	LiberationSans,LiberationSans-Bold,LiberationSans-Italic,LiberationSerif
words/batch-003/docx/2015-April-SWIM_Users_Forum-Q&A.docx	Carlito-Bold,Carlito-Regular,LiberationSerif,LiberationSerif-Bold	Carlito-Bold,Carlito-Regular,LiberationSerif,LiberationSerif-Bold
words/batch-003/docx/DRX-Ascend System Course Description.docx	DejaVuSerif,LiberationSans,LiberationSans-Bold,OpenSymbol	DejaVuSerif,LiberationSans,LiberationSans-Bold,OpenSymbol
words/batch-003/docx/Technical_Issue_Report_Form.docx	LiberationSans,LiberationSans-Bold,LiberationSans-Italic,LiberationSerif	LiberationSans,LiberationSans-Bold,LiberationSans-Italic,LiberationSerif
words/batch-003/docx/mde087077~283.docx	Carlito-Bold,Carlito-Italic,Carlito-Regular	Carlito-Bold,Carlito-Italic,Carlito-Regular
words/batch-004/doc/07-04.doc	LiberationSans,LiberationSans-Bold,LiberationSerif,LiberationSerif-Bold,LiberationSerif-Italic	LiberationSans,LiberationSans-Bold,LiberationSerif,LiberationSerif-Bold,LiberationSerif-Italic
words/batch-004/doc/1447.doc	DejaVuSerif,DejaVuSerif-Bold,LiberationSans-BoldItalic,LiberationSerif,LiberationSerif-Bold	DejaVuSerif,DejaVuSerif-Bold,LiberationSans-BoldItalic,LiberationSerif,LiberationSerif-Bold
words/batch-004/doc/2ca950374241722b8ea7c132dfce63ae.doc	Carlito-Bold,Carlito-Regular,LiberationSerif,LiberationSerif-Bold	Carlito-Bold,Carlito-Regular,LiberationSerif,LiberationSerif-Bold
words/batch-004/doc/opic 5--Case Studies Movie and Aviation Industries.doc	LiberationSans,LiberationSerif,LiberationSerif-Bold,LiberationSerif-BoldItalic,LiberationSerif-Italic	LiberationSans,LiberationSerif,LiberationSerif-Bold,LiberationSerif-BoldItalic,LiberationSerif-Italic
words/batch-004/docx/1528039320.docx	LiberationSans,LiberationSans-Bold	LiberationSans,LiberationSans-Bold
words/batch-004/docx/461249.docx	Carlito-Bold,Carlito-Regular,LiberationSerif,LiberationSerif-Bold	Carlito-Bold,Carlito-Regular,LiberationSerif,LiberationSerif-Bold
words/batch-004/docx/How-to-Write-an-Architecture-Document-for-a-Technology-Service.docx	DejaVuSans,LiberationMono,OpenSymbol	DejaVuSerif,LiberationMono,OpenSymbol
words/batch-004/docx/License App Instructions 2-22.docx	LiberationSerif,LiberationSerif-Bold,LiberationSerif-BoldItalic,OpenSymbol	LiberationSerif,LiberationSerif-Bold,LiberationSerif-BoldItalic,OpenSymbol
words/batch-004/docx/PAT-047 - Architecture and Detailed Design Assessment.docx	Caladea-Regular,Carlito-Bold,LiberationMono,LiberationSans,LiberationSans-Bold,OpenSymbol	Caladea-Regular,Carlito-Bold,LiberationMono,LiberationSans,LiberationSans-Bold,OpenSymbol
words/batch-004/docx/Software Architecture Document Template.docx	LiberationSans,LiberationSans-Bold,LiberationSerif,LiberationSerif-Bold,OpenSymbol	LiberationSans,LiberationSans-Bold,LiberationSerif,LiberationSerif-Bold,OpenSymbol
words/batch-005/doc/316r_a_e.doc	LiberationSerif,LiberationSerif-Bold,LiberationSerif-Italic,OpenSymbol	LiberationSerif,LiberationSerif-Bold,LiberationSerif-Italic,OpenSymbol
words/batch-005/doc/316r_a_f.doc	LiberationSerif,LiberationSerif-Bold,LiberationSerif-Italic,OpenSymbol	LiberationSerif,LiberationSerif-Bold,LiberationSerif-Italic,OpenSymbol
words/batch-005/doc/RobertQ_Service.doc	LiberationSerif,LiberationSerif-Bold	LiberationSerif,LiberationSerif-Bold
words/batch-005/doc/Theft-Restitution-Letter-Vancouver-ASC-2005.doc	LiberationSerif,LiberationSerif-Bold	LiberationSerif,LiberationSerif-Bold
words/batch-005/doc/loi_format_letter_of_intent-a-320-214-a330.doc	LiberationSans,LiberationSans-Bold,LiberationSans-BoldItalic,LiberationSerif	LiberationSans,LiberationSans-Bold,LiberationSans-BoldItalic,LiberationSerif,LiberationSerif-Bold
words/batch-005/docx/2024-12_Comlux_opens_Maintenance_and_Service_Center_in_Dubai.docx	DejaVuSans,DejaVuSans-Bold,LiberationSans,LiberationSans-Bold	LiberationSans,LiberationSans-Bold,LiberationSans-Italic
words/batch-005/docx/BID_ACKNOWLEDGEMENT_FORM_FOR_A320.docx	Carlito-Bold,Carlito-Regular,DejaVuSans	Carlito-Bold,Carlito-Regular,DejaVuSans
words/batch-005/docx/Technical Report and Technical Update Guidelines.docx	LiberationSerif,LiberationSerif-Bold,LiberationSerif-BoldItalic,LiberationSerif-Italic,OpenSymbol	LiberationSerif,LiberationSerif-Bold,LiberationSerif-BoldItalic,LiberationSerif-Italic,OpenSymbol
words/batch-005/docx/healthcare-reform-nsa-consumer-bulletin.docx	Carlito-Bold,Carlito-Regular,LiberationMono,LiberationSans,OpenSymbol	Carlito-Bold,Carlito-Regular,LiberationMono,LiberationSans,OpenSymbol
words/batch-005/docx/part-147_approval list_20230119.docx	Carlito-Regular,LiberationSerif,LiberationSerif-Bold,LiberationSerif-Italic,OpenSymbol	Carlito-Regular,LiberationSerif,LiberationSerif-Bold,LiberationSerif-Italic,OpenSymbol
words/batch-006/doc/003.doc	LiberationSerif,LiberationSerif-Bold,OpenSymbol	LiberationSerif,LiberationSerif-Bold,OpenSymbol
words/batch-006/doc/1244277 1 Comment.doc	DejaVuSans,LiberationSans,LiberationSans-Bold,LiberationSerif,LiberationSerif-Bold	DejaVuSans,LiberationSans,LiberationSans-Bold,LiberationSerif,LiberationSerif-Bold
words/batch-006/doc/LHD-230-application-for-the-approval-of-an-aircraftr.doc	LiberationSans,LiberationSans-Bold,OpenSymbol	LiberationSans,LiberationSans-Bold,OpenSymbol
words/batch-006/doc/P200904290238_0238_51880.doc	LiberationSerif,LiberationSerif-Bold,LiberationSerif-BoldItalic,WenQuanYiZenHei	LiberationSerif,LiberationSerif-Bold,LiberationSerif-BoldItalic,WenQuanYiZenHei
words/batch-006/docx/62599_FRANCE-BRAZIL- Air France Flight 447 crash.docx	Carlito-Bold,Carlito-Regular	Carlito-Bold,Carlito-Regular
words/batch-006/docx/SDL_FSDO_Part91_LOA_Checklist.docx	Carlito-Bold,Carlito-Regular,DejaVuSans-Bold	Carlito-Bold,Carlito-Regular,DejaVuSerif-Bold
words/batch-006/docx/cacs-206-1751218225.docx	Carlito-Bold,Carlito-Regular,OpenSymbol	Carlito-Bold,Carlito-Regular,OpenSymbol
words/batch-006/docx/f445896eb008d14c1746fc37d412dc22.docx	Carlito-Bold,Carlito-Regular,LiberationSerif	Carlito-Bold,Carlito-Regular,LiberationSerif
words/batch-006/docx/healthcare-reform-nsa-provider-bulletin.docx	LiberationMono,LiberationSans,LiberationSans-Bold,LiberationSans-BoldItalic,LiberationSans-Italic,LiberationSerif,OpenSymbol	LiberationMono,LiberationSans,LiberationSans-Bold,LiberationSans-BoldItalic,LiberationSans-Italic,LiberationSerif,OpenSymbol
words/batch-006/docx/technical-memo-format.docx	DejaVuSans-Bold,LiberationSerif,LiberationSerif-Bold,LiberationSerif-Italic,OpenSymbol	DejaVuSerif-Bold,LiberationSerif,LiberationSerif-Bold,LiberationSerif-Italic,OpenSymbol
words/batch-007/doc/RNW167A-150428.doc	Carlito-Bold,LiberationSans,LiberationSans-Bold,LiberationSerif,LiberationSerif-Bold	Carlito-Bold,LiberationSans,LiberationSans-Bold,LiberationSerif,LiberationSerif-Bold
words/batch-007/doc/Wales_Office_Quarter_4_Ministerial_Transparency_Return.DOC	Carlito-Bold,DejaVuSans,LiberationSans,LiberationSans-Bold	Carlito-Bold,DejaVuSans,LiberationSans,LiberationSans-Bold
words/batch-007/doc/chapter 12.doc	LiberationSerif,LiberationSerif-Bold,LiberationSerif-BoldItalic,LiberationSerif-Italic	LiberationSerif,LiberationSerif-Bold,LiberationSerif-BoldItalic,LiberationSerif-Italic
words/batch-007/doc/congregationalhistories_ky_2023.doc	DejaVuSans,LiberationSerif,LiberationSerif-Bold	DejaVuSans,LiberationSerif,LiberationSerif-Bold
words/batch-007/docx/0c662f5c948a7d81d32ffd833c5cc59421a5f522.docx	DejaVuSans,LiberationSans,LiberationSans-Bold,LiberationSans-Italic	DejaVuSans,LiberationSans,LiberationSans-Bold,LiberationSans-Italic
words/batch-007/docx/Press release_EUREKA labels ITEA 3 Cluster.docx	LiberationSans,LiberationSans-Bold,LiberationSans-Italic	LiberationSans,LiberationSans-Bold,LiberationSans-Italic
words/batch-007/docx/final-technical-report-template.docx	Carlito-Bold,Carlito-BoldItalic,Carlito-Italic,Carlito-Regular,LiberationSans,OpenSymbol	Carlito-Bold,Carlito-BoldItalic,Carlito-Italic,Carlito-Regular,LiberationSans,OpenSymbol
words/batch-007/docx/johnson_hall_service_log.pdf.docx	Carlito-Regular,DejaVuSans,LiberationSans,LiberationSans-Bold,LiberationSerif,LiberationSerif-Bold	Carlito-Regular,DejaVuSans,LiberationSans,LiberationSans-Bold,LiberationSerif,LiberationSerif-Bold
words/batch-007/docx/technical-report-template.docx	DejaVuSans,DejaVuSerif	DejaVuSans,DejaVuSerif
words/batch-007/docx/template-technical-report.docx	LiberationSans,LiberationSans-Bold,OpenSymbol	LiberationSans,LiberationSans-Bold,OpenSymbol
words/batch-008/doc/1245685 1 Comment.doc	Carlito-BoldItalic,Carlito-Regular,DejaVuSans,LiberationMono,LiberationSerif,LiberationSerif-Bold,OpenSymbol	Carlito-BoldItalic,Carlito-Regular,DejaVuSans,LiberationMono,LiberationSerif,LiberationSerif-Bold,OpenSymbol
words/batch-008/doc/2024-2nd-quarter-case-summaries.doc	DejaVuSerif,LiberationSerif,LiberationSerif-Bold,LiberationSerif-Italic	DejaVuSerif,LiberationSerif,LiberationSerif-Bold,LiberationSerif-Italic
words/batch-008/doc/FlightLaws.doc	DejaVuSans,DejaVuSans-Bold,LiberationSerif,OpenSymbol	DejaVuSans,DejaVuSans-Bold,LiberationMono,LiberationSerif,OpenSymbol
words/batch-008/doc/PUR-0012-UTAS-GRAMS-SPA-Template-1-25-2024.doc	LiberationSans,LiberationSans-Bold,LiberationSans-BoldItalic,OpenSymbol	LiberationSans,LiberationSans-Bold,LiberationSans-BoldItalic,OpenSymbol
words/batch-008/docx/09.docx	Carlito-Regular,LiberationSans,LiberationSans-Bold,LiberationSans-Italic	Carlito-Regular,LiberationSans,LiberationSans-Bold,LiberationSans-Italic
words/batch-008/docx/4400-91_Proposal_To_Lease_Space_10-2024.docx	DejaVuSans,LiberationSerif,LiberationSerif-Bold,LiberationSerif-BoldItalic,LiberationSerif-Italic	DejaVuSans,LiberationSerif,LiberationSerif-Bold,LiberationSerif-BoldItalic,LiberationSerif-Italic
words/batch-008/docx/ECSS-E-ST-50-16C-Annex-A(30September2021).docx	DejaVuSerif,DejaVuSerif-Bold,LiberationSans-Bold,OpenSymbol	DejaVuSerif,DejaVuSerif-Bold,LiberationSans-Bold,OpenSymbol
words/batch-008/docx/FAA-2017-0628-0002_attachment_1.docx	Caladea-Regular,Carlito-Bold,Carlito-Regular,LiberationSerif,LiberationSerif-Italic	Caladea-Regular,Carlito-Bold,Carlito-Regular,LiberationSerif,LiberationSerif-Italic
words/batch-008/docx/UAS-SGI_waiver_approval_request_form.docx	Carlito-Bold,Carlito-Regular,OpenSymbol	Carlito-Bold,Carlito-Regular,OpenSymbol
words/batch-008/docx/draft-variation-notice-airbus-bm3965ia-v006-vs-comments.docx	LiberationSans,LiberationSans-Bold,OpenSymbol	LiberationSans,LiberationSans-Bold,OpenSymbol
words/batch-009/doc/2013-op12-Annex III - Curriculum Vitae.doc	DejaVuSans,DejaVuSans-Bold	DejaVuSans,DejaVuSans-Bold,LiberationSerif
words/batch-009/doc/237287_0486190101_0486190101_geolink2neu.doc	DejaVuSans,DejaVuSans-Bold,LiberationSans,LiberationSans-Bold	DejaVuSans,DejaVuSans-Bold,LiberationSans,LiberationSans-Bold
words/batch-009/doc/A380MaenPressRel.doc	DejaVuSerif,DejaVuSerif-Bold,LiberationSerif,LiberationSerif-BoldItalic,LiberationSerif-Italic	Carlito-Regular,DejaVuSerif,DejaVuSerif-Bold,LiberationSerif,LiberationSerif-BoldItalic,LiberationSerif-Italic
words/batch-009/doc/CP-ETSO template_v2020.DOC	Caladea-Bold,DejaVuSans,DejaVuSans-Bold,OpenSymbol	Caladea-Bold,DejaVuSans,DejaVuSans-Bold,LiberationMono,LiberationSans-Bold,OpenSymbol
words/batch-009/doc/certification-flight-standards-doc-oeb-supporting-documents-tgl-TGL26-section-5-REV10.doc	DejaVuSans,DejaVuSans-Bold,LiberationSans,LiberationSans-Bold	DejaVuSans,DejaVuSans-Bold,LiberationSans,LiberationSans-Bold
words/batch-009/docx/Case-Study-Heathrow-Airport.docx	Carlito-Bold,Carlito-BoldItalic,Carlito-Italic,Carlito-Regular,LiberationSans,OpenSymbol	Carlito-Bold,Carlito-BoldItalic,Carlito-Italic,Carlito-Regular,LiberationSans,OpenSymbol
words/batch-009/docx/Contract_Check_Pilot_Sample_LOA.docx	DejaVuSerif,LiberationSerif,LiberationSerif-Bold,LiberationSerif-BoldItalic,LiberationSerif-Italic,OpenSymbol	DejaVuSerif,LiberationSerif,LiberationSerif-Bold,LiberationSerif-BoldItalic,LiberationSerif-Italic,OpenSymbol
words/batch-009/docx/Lessons-Learned-Bulletin-Dorset-version-to-IIRG-V5.docx	DejaVuSans,LiberationSans,LiberationSans-Bold,LiberationSerif	DejaVuSerif,LiberationSans,LiberationSans-Bold,LiberationSerif
words/batch-009/docx/SWDD-template.docx	DejaVuSerif-Bold,LiberationSans-Bold,LiberationSerif,LiberationSerif-Bold,LiberationSerif-BoldItalic,LiberationSerif-Italic	DejaVuSerif-Bold,LiberationSans-Bold,LiberationSerif,LiberationSerif-Bold,LiberationSerif-BoldItalic,LiberationSerif-Italic
words/batch-009/docx/form_1123_application_form_rvsm_spa.docx	DejaVuSans,LiberationSans,LiberationSans-Bold,LiberationSans-Italic,OpenSymbol	DejaVuSans,LiberationSans,LiberationSans-Bold,LiberationSans-Italic,OpenSymbol
words/batch-010/doc/361400CSLegislation1RF01PUBLIC1.doc	LiberationSans,LiberationSerif,LiberationSerif-Bold,LiberationSerif-Italic	LiberationSans,LiberationSerif,LiberationSerif-Bold,LiberationSerif-Italic
words/batch-010/doc/f111.doc	DejaVuSans,LiberationSans,LiberationSans-Bold,LiberationSans-Italic,LiberationSerif,OpenSymbol	Carlito-Regular,DejaVuSans,LiberationSans,LiberationSans-Bold,LiberationSans-Italic,OpenSymbol
words/batch-010/docx/195584360.docx	LiberationSerif,LiberationSerif-Bold,LiberationSerif-BoldItalic,LiberationSerif-Italic,OpenSymbol	LiberationSerif,LiberationSerif-Bold,LiberationSerif-BoldItalic,LiberationSerif-Italic,OpenSymbol
words/batch-010/docx/5709.16 ch.40_mgfinal.docx	LiberationSans,LiberationSans-Bold,LiberationSerif,LiberationSerif-Bold	LiberationSans,LiberationSans-Bold,LiberationSerif,LiberationSerif-Bold
words/batch-010/docx/Checklist for TC STC ETSO data packages to FAA_TIP rev 5.docx	Carlito-Bold,Carlito-Regular,DejaVuSans,LiberationSans	Carlito-Bold,Carlito-Regular,DejaVuSans,LiberationSans
words/batch-010/docx/PM-apeech-Handover-of-New-Airbus-Aircraft-for-Fiji-Airways-Dec.-15th.docx	Carlito-Bold,Carlito-Regular,DejaVuSans,DejaVuSans-Bold	Carlito-Bold,Carlito-Regular,DejaVuSans,DejaVuSans-Bold
words/batch-010/docx/Writing a technical report (SCE subject guide).docx	Carlito-Bold,Carlito-Italic,Carlito-Regular,DejaVuSans,DejaVuSans-Bold,LiberationSans,LiberationSerif,OpenSymbol	Carlito-Bold,Carlito-Italic,Carlito-Regular,DejaVuSerif,DejaVuSerif-Bold,LiberationSans,LiberationSerif,OpenSymbol
words/batch-010/docx/te.iors.00048-002 SUP Questionnaire.docx	Carlito-Bold,Carlito-Regular	Carlito-Bold,Carlito-Regular
words/batch-010/docx/technical report template.docx	Carlito-Bold,Carlito-Regular,DejaVuSans,DejaVuSans-Bold	Carlito-Bold,Carlito-Regular,DejaVuSerif,DejaVuSerif-Bold
words/batch-011/doc/135.doc	DejaVuSans,DejaVuSerif,LiberationSans,LiberationSans-Bold,LiberationSans-BoldItalic,LiberationSans-Italic,OpenSymbol	DejaVuSans,DejaVuSerif,LiberationSans,LiberationSans-Bold,LiberationSans-BoldItalic,LiberationSans-Italic,LiberationSerif,OpenSymbol
words/batch-011/doc/1528364855.doc	LiberationSans,LiberationSans-Bold,LiberationSans-BoldItalic,LiberationSans-Italic	LiberationSans,LiberationSans-Bold,LiberationSans-BoldItalic,LiberationSans-Italic
words/batch-011/docx/FG-AI4NDM-TR-skeleton_template.docx	DejaVuSerif-Bold,LiberationSans,LiberationSans-Bold,LiberationSerif,LiberationSerif-Bold,LiberationSerif-Italic,OpenSymbol	DejaVuSerif-Bold,LiberationSans,LiberationSans-Bold,LiberationSerif,LiberationSerif-Bold,LiberationSerif-Italic,OpenSymbol
words/batch-011/docx/b053-19.docx	DejaVuSans,DejaVuSans-Bold	DejaVuSans,DejaVuSans-Bold
words/batch-011/docx/eTAR_External_Web_tool_Tip_Sheet_mh.docx	Carlito-Bold,Carlito-Italic,Carlito-Regular	Carlito-Bold,Carlito-Italic,Carlito-Regular
words/batch-011/docx/f2_registro_de_aprovacao_com_pbcs_EN.docx	Carlito-Bold,Carlito-Italic,Carlito-Regular,DejaVuSans,OpenSymbol	Carlito-Bold,Carlito-Italic,Carlito-Regular,DejaVuSans,DejaVuSerif
words/batch-011/docx/part-145-approval list (1).docx	DejaVuSans,DejaVuSans-Bold,LiberationSerif,LiberationSerif-Bold,LiberationSerif-Italic	DejaVuSerif,DejaVuSerif-Bold,LiberationSerif,LiberationSerif-Bold,LiberationSerif-Italic
words/batch-011/docx/part-145-approval list 2025.docx	DejaVuSans,DejaVuSans-Bold,LiberationSerif,LiberationSerif-Bold,LiberationSerif-Italic	DejaVuSerif,DejaVuSerif-Bold,LiberationSerif,LiberationSerif-Bold,LiberationSerif-Italic
words/batch-011/docx/review-welsh-government-communications-mister-peter-mandelson.docx	DejaVuSans,DejaVuSans-Bold,LiberationSans,LiberationSans-Bold,LiberationSans-Italic,OpenSymbol	DejaVuSans,DejaVuSans-Bold,LiberationSans,LiberationSans-Bold,LiberationSans-Italic,OpenSymbol
words/batch-011/docx/tibs_guidelines_2.docx	Caladea-Bold,Caladea-BoldItalic,LiberationMono,LiberationSans,LiberationSans-Bold,LiberationSans-BoldItalic,LiberationSans-Italic,OpenSymbol	Caladea-Bold,Caladea-BoldItalic,DejaVuSerif-Bold,LiberationMono,LiberationSans,LiberationSans-Bold,LiberationSans-BoldItalic,LiberationSans-Italic,OpenSymbol
words/batch-012/doc/AAC-AD-No-2021-01-Boeing-737-8-and-737-9-MAX.doc	DejaVuSerif,LiberationSans,LiberationSans-Bold,LiberationSerif,LiberationSerif-Bold	Carlito-Bold,Carlito-Regular,DejaVuSerif,LiberationSans,LiberationSans-Bold,LiberationSerif,OpenSymbol
words/batch-012/doc/AirbusCallouts.doc	Carlito-Italic,DejaVuSans,DejaVuSans-Bold,OpenSymbol	Carlito-Italic,DejaVuSans,DejaVuSans-Bold,LiberationMono,OpenSymbol
words/batch-012/doc/RMI_Document_Repository_Public-Reprts_GettingOffOil.doc	LiberationSerif,LiberationSerif-Bold,LiberationSerif-BoldItalic,LiberationSerif-Italic,OpenSymbol	LiberationSerif,LiberationSerif-Bold,LiberationSerif-BoldItalic,LiberationSerif-Italic,OpenSymbol
words/batch-012/doc/手机免提系统TSB.doc	DejaVuSans,DejaVuSans-Bold,LiberationSans,LiberationSans-Bold,LiberationSerif,LiberationSerif-Bold,LiberationSerif-BoldItalic,WenQuanYiZenHei	DejaVuSans,DejaVuSans-Bold,LiberationSans,LiberationSerif,LiberationSerif-BoldItalic,WenQuanYiZenHei
words/batch-012/docx/19-06 Assistive Technology TAB Final - 508.docx	Carlito-Bold,Carlito-BoldItalic,Carlito-Italic,Carlito-Regular,LiberationSerif,LiberationSerif-Bold,LiberationSerif-Italic,OpenSymbol	Carlito-Bold,Carlito-BoldItalic,Carlito-Italic,Carlito-Regular,LiberationSerif,LiberationSerif-Bold,LiberationSerif-Italic,OpenSymbol
words/batch-012/docx/Company-profile-2022-EN.docx	DejaVuSans,DejaVuSans-Bold,LiberationMono,LiberationMono-Bold,OpenSymbol	DejaVuSans,DejaVuSerif,DejaVuSerif-Bold,LiberationMono,LiberationMono-Bold,OpenSymbol
words/batch-012/docx/Leadership Information Article.docx	Carlito-Bold,Carlito-BoldItalic,Carlito-Regular,OpenSymbol	Carlito-Bold,Carlito-BoldItalic,Carlito-Regular,OpenSymbol
words/batch-012/docx/monthly-content-feeder.docx	Carlito-Bold,Carlito-BoldItalic,Carlito-Italic,Carlito-Regular,DejaVuSans,LiberationMono,LiberationSans,LiberationSans-Bold,OpenSymbol	Carlito-Bold,Carlito-BoldItalic,Carlito-Italic,Carlito-Regular,DejaVuSans,DejaVuSerif,LiberationMono,LiberationSans,LiberationSans-Bold,OpenSymbol
words/batch-012/docx/slcc-architecture-uu-architecture.docx	Carlito-Bold,Carlito-BoldItalic,Carlito-Italic,Carlito-Regular,DejaVuSans,DejaVuSans-Bold,OpenSymbol	Carlito-Bold,Carlito-BoldItalic,Carlito-Italic,Carlito-Regular,DejaVuSans,DejaVuSans-Bold,OpenSymbol
words/batch-012/docx/technical-architecture.docx	Caladea-Bold,Carlito-Regular,DejaVuSans,DejaVuSans-Bold,DejaVuSerif-Bold,LiberationSans,LiberationSans-Bold,LiberationSans-BoldItalic,LiberationSans-Italic,OpenSymbol	Caladea-Bold,Carlito-Regular,DejaVuSans,DejaVuSans-Bold,DejaVuSerif-Bold,LiberationSans,LiberationSans-Bold,LiberationSans-BoldItalic,LiberationSans-Italic,OpenSymbol
words/batch-013/docx/20110608_psp.docx	LiberationSans,LiberationSans-Bold,LiberationSans-BoldItalic,LiberationSans-Italic	LiberationSans,LiberationSans-Bold,LiberationSans-BoldItalic,LiberationSans-Italic
words/batch-013/docx/A1. EASA Form 2.docx	Carlito-Bold,Carlito-Regular,DejaVuSans,LiberationSans-Bold	Carlito-Bold,Carlito-Regular,DejaVuSans,DejaVuSerif,LiberationSans-Bold
words/batch-013/docx/AW-104D-RVSM-Aircraft-Approval-Checklist.pdf.docx	DejaVuSans,DejaVuSans-Bold,LiberationSans,LiberationSans-Bold	DejaVuSans-Bold,LiberationSans,LiberationSans-Bold,LiberationSans-BoldItalic
words/batch-013/docx/FO.FCTOA_.000129 Application for activities related to FSTD.docx	Carlito-Bold,Carlito-BoldItalic,Carlito-Italic,Carlito-Regular,LiberationSans	Carlito-Bold,Carlito-BoldItalic,Carlito-Italic,Carlito-Regular,DejaVuSerif,LiberationSans
words/batch-013/docx/Sol PJ14-03-04 Solution Contextual.docx	Carlito-Bold,Carlito-BoldItalic,Carlito-Regular,DejaVuSans,OpenSymbol	Caladea-Bold,Carlito-Bold,Carlito-BoldItalic,Carlito-Regular,DejaVuSans,OpenSymbol
words/batch-013/docx/b050-19.docx	DejaVuSans,DejaVuSans-Bold,LiberationSans,LiberationSerif	DejaVuSans,DejaVuSans-Bold,LiberationSans,LiberationSerif
words/batch-013/docx/bulletin.docx	DejaVuSans,DejaVuSans-Bold,LiberationSans,LiberationSans-Bold,LiberationSans-Italic,OpenSymbol	DejaVuSans,LiberationSans,LiberationSans-Bold,LiberationSans-Italic,OpenSymbol
words/batch-013/docx/easa-regulations-update-20.docx	Carlito-Regular,LiberationSans,LiberationSans-Bold,LiberationSans-Italic,OpenSymbol	Carlito-Regular,LiberationSans,LiberationSans-Bold,LiberationSans-Italic,OpenSymbol
words/batch-013/docx/template---tpr-technical-progress-report-with-guidance.docx	Carlito-Bold,Carlito-BoldItalic,Carlito-Italic,Carlito-Regular,DejaVuSans,LiberationSans,LiberationSans-Bold,LiberationSans-Italic	Carlito-Bold,Carlito-BoldItalic,Carlito-Italic,Carlito-Regular,DejaVuSans,LiberationSans,LiberationSans-Bold,LiberationSans-Italic
words/batch-014/doc/1228841571067_2009_TPPT_13__2007_TPPT_102__R-108535759.doc	DejaVuSans,LiberationSerif,LiberationSerif-Bold,LiberationSerif-BoldItalic,LiberationSerif-Italic	LiberationSerif,LiberationSerif-Bold,LiberationSerif-BoldItalic,LiberationSerif-Italic,WenQuanYiZenHei
words/batch-014/doc/1257259179492_2007_TPPT_102_Supporting_Doc_2-434003080.doc	LiberationSerif,LiberationSerif-Bold,LiberationSerif-Italic	LiberationSerif,LiberationSerif-Bold,LiberationSerif-Italic,OpenSymbol,WenQuanYiZenHei
words/batch-014/doc/Reid.doc	DejaVuSerif-Bold,LiberationSans,LiberationSans-Bold,LiberationSans-BoldItalic,LiberationSans-Italic	DejaVuSerif-Bold,LiberationSans,LiberationSans-Bold,LiberationSans-BoldItalic,LiberationSans-Italic,LiberationSerif
words/batch-014/doc/omrIMInterpretiveGuideLine.doc	DejaVuSans,DejaVuSans-Bold,LiberationSans,LiberationSans-Bold	DejaVuSans,DejaVuSans-Bold,LiberationSans,LiberationSans-Bold
words/batch-014/docx/FO.FCTOA.00010 Application for a Part-ORA ATO Approval.docx	DejaVuSans,DejaVuSans-Bold,LiberationSans,LiberationSans-Bold,LiberationSans-Italic,OpenSymbol	DejaVuSans,DejaVuSans-Bold,LiberationSans,LiberationSans-Bold,LiberationSans-Italic,LiberationSerif,OpenSymbol
words/batch-014/docx/Form-SM-76A-_-CAR-OPS-2A-Instruments-and-Equipment-Compliance-Statement-_-11.docx	Carlito-Bold,Carlito-BoldItalic,Carlito-Italic,Carlito-Regular,DejaVuSerif,DejaVuSerif-Bold,LiberationSans-Bold	Carlito-Bold,Carlito-BoldItalic,Carlito-Italic,Carlito-Regular,DejaVuSerif,DejaVuSerif-Bold,LiberationSans-Bold
words/batch-014/docx/SPA-11_mcar_part-11_v2.9.docx	Carlito-Regular,DejaVuSans,DejaVuSans-Bold	Carlito-Regular,DejaVuSans,DejaVuSans-Bold
words/batch-014/docx/UG.CAO.00133 Foreign Part 145 approvals - Language.docx	Carlito-Regular,DejaVuSans,DejaVuSans-Bold,LiberationSans,OpenSymbol	Carlito-Regular,DejaVuSans,DejaVuSans-Bold,LiberationSans,OpenSymbol
words/batch-014/docx/gpp-pr-top-7-office-markets-4q-2023.docx	DejaVuSans,DejaVuSans-Bold,OpenSymbol	DejaVuSans,DejaVuSans-Bold,DejaVuSerif,DejaVuSerif-Bold,OpenSymbol
words/batch-014/docx/xx_SETIS_PWS_template_10.19.22.docx	LiberationMono,LiberationSerif,LiberationSerif-Bold,LiberationSerif-BoldItalic,LiberationSerif-Italic,OpenSymbol	LiberationMono,LiberationSerif,LiberationSerif-Bold,LiberationSerif-BoldItalic,LiberationSerif-Italic,OpenSymbol
words/batch-015/doc/644730BRI0mna000BOX361539B00public0.doc	Carlito-Bold,Carlito-Regular,DejaVuSerif,DejaVuSerif-Bold,LiberationSans,LiberationSans-Bold,LiberationSerif	Carlito-Bold,Carlito-Regular,DejaVuSerif,DejaVuSerif-Bold,LiberationSans,LiberationSans-Bold,LiberationSerif
words/batch-015/doc/A320SimNotes.doc	DejaVuSans-Bold,LiberationSerif,LiberationSerif-Bold,LiberationSerif-BoldItalic,LiberationSerif-Italic,OpenSymbol	DejaVuSans-Bold,LiberationMono,LiberationMono-Bold,LiberationMono-BoldItalic,LiberationMono-Italic,LiberationSerif,LiberationSerif-Bold,LiberationSerif-BoldItalic,LiberationSerif-Italic,OpenSymbol
words/batch-015/doc/info-bulletin-601.doc	LiberationSans,LiberationSans-Bold,LiberationSans-BoldItalic,LiberationSans-Italic,OpenSymbol	LiberationSans,LiberationSans-Bold,LiberationSans-BoldItalic,LiberationSans-Italic,OpenSymbol
words/batch-015/docx/1603642410-MoM-CASCOM-06-2020-draft04.docx	Carlito-Bold,Carlito-Regular,DejaVuSans,DejaVuSans-Bold,LiberationMono,LiberationSans,LiberationSans-Bold,OpenSymbol	Carlito-Bold,Carlito-Regular,DejaVuSans,DejaVuSans-Bold,LiberationMono,LiberationSans,LiberationSans-Bold,OpenSymbol
words/batch-015/docx/1_tpr_template__from_fy14_.docx	Carlito-Bold,Carlito-BoldItalic,Carlito-Italic,Carlito-Regular,DejaVuSans,LiberationSerif,LiberationSerif-Bold,LiberationSerif-BoldItalic,LiberationSerif-Italic,OpenSymbol	Carlito-Bold,Carlito-BoldItalic,Carlito-Italic,Carlito-Regular,DejaVuSerif,LiberationSerif,LiberationSerif-Bold,LiberationSerif-BoldItalic,LiberationSerif-Italic,OpenSymbol
words/batch-015/docx/B11. TE.CAO.00129  Experience  logbook.docx	Carlito-Bold,Carlito-BoldItalic,Carlito-Italic,Carlito-Regular,DejaVuSans,LiberationSans-Bold	Carlito-Bold,Carlito-BoldItalic,Carlito-Italic,Carlito-Regular,DejaVuSans-Bold,LiberationSans-Bold
words/batch-015/docx/Regulations Governing the Status, Basic Rights and Duties of Officials other than Secretariat Officials, and Experts on Mission.docx	DejaVuSans-Bold,LiberationSerif,LiberationSerif-Bold,LiberationSerif-Italic	DejaVuSans-Bold,LiberationSerif,LiberationSerif-Bold,LiberationSerif-Italic,OpenSymbol
words/batch-015/docx/approvals-and-standardisation-organisation-approvals-docs-part-145-annex-B-B11.-TE.CAO.00129-Foreign-Part-145-approvals---Experience--logbook.docx	DejaVuSans,DejaVuSans-Bold,LiberationSans,LiberationSans-Bold,LiberationSans-BoldItalic,LiberationSans-Italic	DejaVuSans,DejaVuSans-Bold,LiberationSans,LiberationSans-Bold,LiberationSans-BoldItalic,LiberationSans-Italic
words/batch-015/docx/exhibit-06---technical-architecture-template.docx	Caladea-Bold,Carlito-Bold,Carlito-BoldItalic,Carlito-Regular,DejaVuSans,DejaVuSans-Bold,DejaVuSerif-Bold,LiberationSans,LiberationSans-Bold,LiberationSans-BoldItalic,LiberationSans-Italic,OpenSymbol	Caladea-Bold,Carlito-Bold,Carlito-BoldItalic,Carlito-Regular,DejaVuSans,DejaVuSans-Bold,DejaVuSerif-Bold,LiberationSans,LiberationSans-Bold,LiberationSans-BoldItalic,LiberationSans-Italic,OpenSymbol
words/batch-015/docx/hdss-bulletin-issue-285-25-june-2025.docx	Carlito-Regular,DejaVuSans,LiberationSans,LiberationSans-Bold,LiberationSans-BoldItalic,LiberationSans-Italic,OpenSymbol	Carlito-Regular,DejaVuSans,LiberationSans,LiberationSans-Bold,LiberationSans-BoldItalic,LiberationSans-Italic,OpenSymbol
words/batch-016/doc/150_5300_13_chg8.doc	DejaVuSans,DejaVuSans-Bold,DejaVuSerif,DejaVuSerif-Bold,LiberationSerif,LiberationSerif-Bold,LiberationSerif-Italic,OpenSymbol	DejaVuSans,DejaVuSans-Bold,DejaVuSerif,DejaVuSerif-Bold,LiberationSerif,LiberationSerif-Bold,LiberationSerif-Italic,OpenSymbol
words/batch-016/doc/300502-Mecenat-Airbus-Simusante_CHU-Amiens-Picardie.doc	LiberationSans,LiberationSans-Bold,LiberationSans-Italic	LiberationSans,LiberationSans-Bold,LiberationSans-Italic,OpenSymbol
words/batch-016/doc/PK_FlugzeugeStricken.doc	Carlito-Bold,Carlito-Regular,DejaVuSans,DejaVuSans-Bold,LiberationSans,LiberationSans-Bold,LiberationSans-BoldItalic	Carlito-Bold,Carlito-Regular,DejaVuSans,DejaVuSans-Bold,LiberationSans,LiberationSans-Bold,LiberationSans-BoldItalic
words/batch-016/doc/SFSP_2013-02_Bulletin.doc	LiberationSans,LiberationSans-Bold,LiberationSans-BoldItalic,LiberationSans-Italic,LiberationSerif,OpenSymbol	LiberationSans,LiberationSans-Bold,LiberationSans-BoldItalic,LiberationSans-Italic,LiberationSerif,OpenSymbol
words/batch-016/doc/absrc-pac-01-info-note-en.doc	DejaVuSerif-Bold,LiberationSans-Bold,LiberationSerif,LiberationSerif-Bold	DejaVuSerif,DejaVuSerif-Bold,LiberationSans-Bold,LiberationSerif,LiberationSerif-Bold
words/batch-016/docx/231164_SystemDesignDocument.docx	DejaVuSans,DejaVuSans-Bold,LiberationSans,LiberationSans-Bold,LiberationSans-Italic,OpenSymbol	DejaVuSans,DejaVuSans-Bold,LiberationSans,LiberationSans-Bold,LiberationSans-Italic,OpenSymbol
words/batch-016/docx/AFS-050-004-F2_0i.docx	DejaVuSans,DejaVuSans-Bold,LiberationMono,LiberationMono-Bold,LiberationSans,LiberationSans-Bold,LiberationSerif,LiberationSerif-Bold,LiberationSerif-Italic	DejaVuSerif,DejaVuSerif-Bold,LiberationMono,LiberationMono-Bold,LiberationSans,LiberationSans-Bold,LiberationSerif,LiberationSerif-Bold,LiberationSerif-Italic
words/batch-016/docx/JEMIT_Template.docx	Caladea-Italic,Caladea-Regular,Carlito-Bold,Carlito-Regular,DejaVuSans-Bold,LiberationSans-Bold,LiberationSerif,LiberationSerif-Bold,LiberationSerif-Italic,OpenSymbol	Caladea-Italic,Caladea-Regular,Carlito-Bold,Carlito-Regular,DejaVuSans-Bold,LiberationSans-Bold,LiberationSerif,LiberationSerif-Bold,LiberationSerif-Italic,OpenSymbol
words/batch-016/docx/TE.CAO.00125 Foreign Part 145 approvals - OJT Logbook.docx	DejaVuSans,DejaVuSans-Bold,LiberationSans,LiberationSans-Bold,LiberationSans-Italic,OpenSymbol	DejaVuSans,DejaVuSans-Bold,LiberationSans,LiberationSans-Bold,LiberationSans-Italic,OpenSymbol
words/batch-016/docx/fleetfastfacts16nov2023.docx	Carlito-Bold,Carlito-Regular,DejaVuSans-Bold,LiberationSans,LiberationSerif,LiberationSerif-Bold	Carlito-Bold,Carlito-Regular,DejaVuSerif-Bold,LiberationSans,LiberationSans-Bold
words/batch-017/doc/2013_11.doc	Carlito-Bold,Carlito-Regular,DejaVuSerif-Bold,LiberationSerif,LiberationSerif-Bold,LiberationSerif-BoldItalic,LiberationSerif-Italic,OpenSymbol	Carlito-Bold,Carlito-Regular,DejaVuSerif-Bold,LiberationMono,LiberationSerif,LiberationSerif-Bold,LiberationSerif-BoldItalic,LiberationSerif-Italic,OpenSymbol
words/batch-017/doc/762.doc	DejaVuSans,DejaVuSans-Bold,LiberationMono,LiberationMono-Bold,LiberationSans,LiberationSans-Bold,LiberationSerif,LiberationSerif-Bold	DejaVuSans,DejaVuSans-Bold,LiberationMono,LiberationMono-Bold,LiberationSans,LiberationSans-Bold,LiberationSerif,LiberationSerif-Bold
words/batch-017/docx/03_Technical_Report_(progress)_template.docx	DejaVuSerif-Bold,LiberationSans,LiberationSans-Bold,LiberationSans-Italic,LiberationSerif-Italic,OpenSymbol	DejaVuSerif-Bold,LiberationSans,LiberationSans-Bold,LiberationSans-Italic,LiberationSerif-Italic,OpenSymbol
words/batch-017/docx/AWR OPS-AOC 044 Statement of Compliance RVSM  Rev 04 01 Feb 2024.docx	Carlito-Bold,Carlito-BoldItalic,Carlito-Italic,Carlito-Regular,DejaVuSans,DejaVuSans-Bold,IPAGothic	Carlito-Bold,Carlito-BoldItalic,Carlito-Italic,Carlito-Regular,DejaVuSans,DejaVuSans-Bold
words/batch-017/docx/Agile_Arc_SysDes.docx	Carlito-Bold,Carlito-BoldItalic,Carlito-Italic,Carlito-Regular,LiberationSans,LiberationSans-Bold,LiberationSans-Italic,LiberationSerif,LiberationSerif-Bold,LiberationSerif-Italic,OpenSymbol	Carlito-Bold,Carlito-BoldItalic,Carlito-Italic,Carlito-Regular,LiberationSans,LiberationSans-Bold,LiberationSans-Italic,LiberationSerif,LiberationSerif-Bold,LiberationSerif-Italic,OpenSymbol
words/batch-017/docx/May 25 bulletin focus on carers in the workplace.docx	DejaVuSans,DejaVuSans-Bold,OpenSymbol	DejaVuSans,DejaVuSans-Bold,OpenSymbol
words/batch-017/docx/PI-doc.-no.-2E-Technical-Review-Report.docx	Carlito-Bold,Carlito-Regular,DejaVuSans,DejaVuSerif-Bold,LiberationSans,LiberationSans-Bold,LiberationSerif,LiberationSerif-Bold,LiberationSerif-Italic	Carlito-Bold,Carlito-Regular,DejaVuSans,LiberationSans,LiberationSans-Bold,LiberationSerif,LiberationSerif-Bold,LiberationSerif-Italic
words/batch-017/docx/Sample_SQMS_Program.docx	Carlito-Regular,DejaVuSerif,DejaVuSerif-Bold,LiberationMono,LiberationSerif,LiberationSerif-Bold,LiberationSerif-BoldItalic,LiberationSerif-Italic,OpenSymbol	Carlito-Regular,DejaVuSerif,DejaVuSerif-Bold,LiberationMono,LiberationSerif,LiberationSerif-Bold,LiberationSerif-BoldItalic,LiberationSerif-Italic,OpenSymbol
words/batch-017/docx/UG.CAO.00006 Foreign Part 145 approvals - User Guide for Applicants & Approval Holders.docx	Carlito-Bold,Carlito-Regular,DejaVuSans,DejaVuSans-Bold,LiberationMono,LiberationSans,LiberationSans-Bold,LiberationSerif-BoldItalic,OpenSymbol	Carlito-Bold,Carlito-Regular,DejaVuSans,DejaVuSans-Bold,LiberationMono,LiberationSans,LiberationSans-Bold,LiberationSerif-BoldItalic,OpenSymbol
words/batch-017/docx/system_design__technical_architecture_template.docx	Carlito-Bold,Carlito-Italic,Carlito-Regular,LiberationSans,LiberationSans-Italic,OpenSymbol	Carlito-Bold,Carlito-Italic,Carlito-Regular,LiberationSans,LiberationSans-Italic,OpenSymbol
words/batch-018/doc/120509coss.doc	DejaVuSans,LiberationSans,LiberationSans-Bold,LiberationSans-BoldItalic,LiberationSans-Italic,LiberationSerif,OpenSymbol	DejaVuSans,LiberationSans,LiberationSans-Bold,LiberationSans-BoldItalic,LiberationSans-Italic,LiberationSerif,OpenSymbol
words/batch-018/doc/A_320.doc	LiberationSans,LiberationSans-Bold,LiberationSans-Italic,OpenSymbol	LiberationSans,LiberationSans-Bold,LiberationSans-Italic,OpenSymbol
words/batch-018/docx/Allegiant_Company_Profile_with_History.docx	LiberationSans,LiberationSans-Bold,LiberationSans-Italic	LiberationSans,LiberationSans-Bold,LiberationSans-Italic
words/batch-018/docx/DOA_Template_Form_Type_Certification_Programme.docx	DejaVuSans,LiberationSans,LiberationSans-Bold,LiberationSans-Italic,OpenSymbol	DejaVuSans,LiberationSans,LiberationSans-Bold,LiberationSans-Italic,OpenSymbol
words/batch-018/docx/ESPN-R - MCF - Manual - Ed1.0 - For Publication.docx	Carlito-Bold,Carlito-BoldItalic,Carlito-Italic,Carlito-Regular,DejaVuSans	Carlito-Bold,Carlito-BoldItalic,Carlito-Italic,Carlito-Regular,DejaVuSans,DejaVuSerif
words/batch-018/docx/FRE-03_mcar_part-3_and_IS_v2.9.docx	DejaVuSans,DejaVuSans-Bold	Carlito-Bold,Carlito-Regular,DejaVuSans,DejaVuSans-Bold
words/batch-018/docx/HC-Bulletin-template.docx	Carlito-Bold,Carlito-Italic,Carlito-Regular,DejaVuSans,LiberationSerif,LiberationSerif-Bold,OpenSymbol	Carlito-Bold,Carlito-Italic,Carlito-Regular,DejaVuSans,LiberationSans,LiberationSans-Bold,OpenSymbol
words/batch-018/docx/SPA-06_mcar_part-6_and_IS_v2.9.docx	DejaVuSans,DejaVuSans-Bold,OpenSymbol	Carlito-Bold,Carlito-Regular,DejaVuSans,DejaVuSans-Bold,OpenSymbol
words/batch-018/docx/airbus-pdf-information-package_v1-4.docx	LiberationMono,LiberationMono-Bold,LiberationSans,LiberationSans-Bold,LiberationSans-BoldItalic,LiberationSans-Italic,OpenSymbol	LiberationMono,LiberationMono-Bold,LiberationSans,LiberationSans-Bold,LiberationSans-BoldItalic,LiberationSans-Italic,OpenSymbol
words/batch-018/docx/t_TEMPforInvProgs.docx	LiberationSans,LiberationSans-Bold,LiberationSans-Italic,LiberationSerif,OpenSymbol	Carlito-Regular,LiberationSans,LiberationSans-Bold,LiberationSans-Italic,LiberationSerif,OpenSymbol
words/batch-019/doc/150_5335_5a.doc	DejaVuSans,DejaVuSans-Bold,DejaVuSerif,DejaVuSerif-Bold,LiberationSans,LiberationSans-Bold,LiberationSerif,LiberationSerif-Bold,LiberationSerif-Italic,OpenSymbol	DejaVuSans-Bold,DejaVuSerif,DejaVuSerif-Bold,LiberationSans,LiberationSans-Bold,LiberationSerif,LiberationSerif-Bold,LiberationSerif-Italic,OpenSymbol
words/batch-019/docx/02_mcar_part-2_and_IS_v2.10.docx	Carlito-Regular,DejaVuSans,DejaVuSans-Bold,OpenSymbol	Carlito-Regular,DejaVuSans,DejaVuSans-Bold,OpenSymbol
words/batch-019/docx/24-25_FAA_Holdover_Tables.docx	DejaVuSans,DejaVuSans-Bold,LiberationMono-Italic,LiberationSans,LiberationSans-Bold,LiberationSans-BoldItalic,LiberationSans-Italic,LiberationSerif,OpenSymbol	DejaVuSans,DejaVuSans-Bold,LiberationMono-Italic,LiberationSans,LiberationSans-Bold,LiberationSans-BoldItalic,LiberationSans-Italic,LiberationSerif,OpenSymbol
words/batch-019/docx/33004.docx	Carlito-Bold,Carlito-BoldItalic,Carlito-Italic,Carlito-Regular,DejaVuSans,DejaVuSans-Bold,DejaVuSerif,LiberationMono,LiberationSans,LiberationSans-Bold,LiberationSans-BoldItalic,LiberationSans-Italic,LiberationSerif,LiberationSerif-Italic,OpenSymbol	Carlito-Bold,Carlito-BoldItalic,Carlito-Italic,Carlito-Regular,DejaVuSans,DejaVuSans-Bold,DejaVuSerif,LiberationMono,LiberationSans,LiberationSans-Bold,LiberationSans-BoldItalic,LiberationSans-Italic,LiberationSerif,LiberationSerif-Italic,OpenSymbol
words/batch-019/docx/CRIF - SpÃ©cification technique - Socle applicatif.docx	DejaVuSans,DejaVuSans-Bold,DejaVuSerif-Bold,LiberationMono,LiberationMono-Italic,LiberationSans,LiberationSans-Bold,LiberationSans-BoldItalic,LiberationSans-Italic,OpenSymbol	DejaVuSans,DejaVuSans-Bold,DejaVuSerif-Bold,LiberationMono,LiberationMono-Italic,LiberationSans,LiberationSans-Bold,LiberationSans-BoldItalic,LiberationSans-Italic,OpenSymbol
words/batch-019/docx/ESPN-R - MCF - RA - Ed1.docx	Carlito-Bold,Carlito-BoldItalic,Carlito-Italic,Carlito-Regular,DejaVuSans,LiberationSans,LiberationSans-Bold,LiberationSans-Italic	Carlito-Bold,Carlito-BoldItalic,Carlito-Italic,Carlito-Regular,DejaVuSerif,LiberationSans,LiberationSans-Bold,LiberationSans-Italic
words/batch-019/docx/PES-Technical-Report-Template_Jan_2019.docx	Caladea-Regular,LiberationSans,LiberationSans-Bold,LiberationSerif,LiberationSerif-Bold,LiberationSerif-BoldItalic,LiberationSerif-Italic,OpenSymbol	Caladea-Regular,LiberationSans,LiberationSans-Bold,LiberationSerif,LiberationSerif-Bold,LiberationSerif-BoldItalic,LiberationSerif-Italic,OpenSymbol
words/batch-019/docx/SPA-02_mcar_part-2_and_IS_v2.9.docx	Carlito-Regular,DejaVuSans,DejaVuSans-Bold,OpenSymbol	Carlito-Regular,DejaVuSans,DejaVuSans-Bold,OpenSymbol
words/batch-019/docx/dragon1-enterprise-architecture-document-example-v0.1d.docx	Caladea-Bold,Carlito-Regular,DejaVuSans,DejaVuSans-Bold,DejaVuSerif-Bold,LiberationSans,LiberationSans-Bold,LiberationSans-BoldItalic,LiberationSans-Italic	Caladea-Bold,Carlito-Regular,DejaVuSans,DejaVuSans-Bold,DejaVuSerif-Bold,LiberationSans,LiberationSans-Bold,LiberationSans-BoldItalic,LiberationSans-Italic
words/batch-019/docx/report-template.docx	LiberationSans-Bold,LiberationSerif,LiberationSerif-Bold,LiberationSerif-Italic	LiberationSans-Bold,LiberationSerif,LiberationSerif-Bold,LiberationSerif-Italic
words/batch-020/doc/150_5300_13_chg10.doc	DejaVuSans,DejaVuSans-Bold,DejaVuSerif,DejaVuSerif-Bold,LiberationSans,LiberationSerif,LiberationSerif-Bold,LiberationSerif-BoldItalic,LiberationSerif-Italic,OpenSymbol	DejaVuSans,DejaVuSans-Bold,DejaVuSerif,DejaVuSerif-Bold,LiberationSans,LiberationSerif,LiberationSerif-Bold,LiberationSerif-BoldItalic,LiberationSerif-Italic,OpenSymbol
words/batch-020/doc/150_5300_13_chg12.doc	DejaVuSans,DejaVuSans-Bold,DejaVuSerif,DejaVuSerif-Bold,LiberationSans,LiberationSans-Bold,LiberationSerif,LiberationSerif-Bold,LiberationSerif-Italic	DejaVuSans,DejaVuSans-Bold,DejaVuSerif,DejaVuSerif-Bold,LiberationSans-Bold,LiberationSerif,LiberationSerif-Bold,LiberationSerif-Italic,OpenSymbol
words/batch-020/docx/150-5370-10H.docx	Carlito-Regular,DejaVuSans,DejaVuSerif,DejaVuSerif-Bold,LiberationMono,LiberationMono-Bold,LiberationMono-Italic,LiberationSans-Bold,LiberationSerif,LiberationSerif-Bold,LiberationSerif-BoldItalic,LiberationSerif-Italic,OpenSymbol	Carlito-Regular,DejaVuSans,DejaVuSans-Bold,DejaVuSerif,DejaVuSerif-Bold,LiberationMono,LiberationMono-Bold,LiberationMono-Italic,LiberationSans-Bold,LiberationSerif,LiberationSerif-Bold,LiberationSerif-BoldItalic,LiberationSerif-Italic,OpenSymbol
words/batch-020/docx/ABCD-FE-01-00 Flight Envelope - v1 08.03.16.docx	Carlito-Bold,Carlito-Italic,Carlito-Regular,DejaVuSans,DejaVuSerif,LiberationSans,LiberationSans-Italic	Carlito-Bold,Carlito-Italic,Carlito-Regular,LiberationSans,LiberationSans-Italic
words/batch-020/docx/ABCD-WB-08-00 Weight and Balance Report - v1 08.03.16.docx	Carlito-Bold,Carlito-Italic,Carlito-Regular,DejaVuSans,DejaVuSerif,LiberationSans,LiberationSans-Italic,OpenSymbol	Carlito-Bold,Carlito-Italic,Carlito-Regular,LiberationSans,LiberationSans-Italic,OpenSymbol
words/batch-020/docx/AC-150-5370-10G-updated-201604.docx	Carlito-Bold,Carlito-Regular,DejaVuSerif,DejaVuSerif-Bold,LiberationMono,LiberationMono-Bold,LiberationSans,LiberationSerif,LiberationSerif-Bold,LiberationSerif-BoldItalic,OpenSymbol	Carlito-Bold,Carlito-Regular,DejaVuSans,DejaVuSerif,DejaVuSerif-Bold,LiberationMono,LiberationMono-Bold,LiberationSans,LiberationSerif,LiberationSerif-Bold,LiberationSerif-BoldItalic,OpenSymbol
words/batch-020/docx/Annex-10-to-the-Aircraft-Maintenance-Specialist-Certification-Rule-GCAA.docx	Carlito-Bold,Carlito-Italic,Carlito-Regular,DejaVuSans-Bold,DejaVuSerif-Bold	Carlito-Bold,Carlito-Italic,Carlito-Regular,DejaVuSans-Bold,DejaVuSerif-Bold
words/batch-020/docx/EHEST-SMS-Safety-Management-Manual-V2.docx	Carlito-Regular,DejaVuSans,DejaVuSans-Bold,LiberationMono,LiberationSans,OpenSymbol	Carlito-Bold,Carlito-BoldItalic,Carlito-Regular,DejaVuSans,DejaVuSans-Bold,LiberationMono,LiberationSans,OpenSymbol
words/batch-020/docx/FAA 2025-26 Holdover Tables.docx	DejaVuSans,DejaVuSans-Bold,LiberationMono,LiberationMono-Italic,LiberationSans,LiberationSans-Bold,LiberationSans-BoldItalic,LiberationSans-Italic,LiberationSerif,OpenSymbol	DejaVuSans,DejaVuSans-Bold,LiberationMono,LiberationMono-Italic,LiberationSans,LiberationSans-Bold,LiberationSans-BoldItalic,LiberationSans-Italic,LiberationSerif,OpenSymbol
words/batch-020/docx/OM template for non-complex NCC operators_August 2016.docx	Carlito-Regular,DejaVuSans,DejaVuSans-Bold,LiberationSans,LiberationSans-Bold,LiberationSans-BoldItalic,LiberationSans-Italic,OpenSymbol	Carlito-Regular,DejaVuSans,DejaVuSans-Bold,LiberationSans,LiberationSans-Bold,LiberationSans-BoldItalic,LiberationSans-Italic,OpenSymbol
words/batch-021/docx/ABCD-SDE-23-00 - Avionic System Description - 17.02.16 - v1.docx	Carlito-Bold,Carlito-BoldItalic,Carlito-Italic,Carlito-Regular,DejaVuSans,DejaVuSans-Bold,LiberationSans,LiberationSans-Bold,LiberationSans-Italic,OpenSymbol	Carlito-Bold,Carlito-BoldItalic,Carlito-Italic,Carlito-Regular,LiberationSans,LiberationSans-Bold,LiberationSans-Italic,OpenSymbol
words/batch-021/docx/docs-quality-MA.IMS.00001-Integrated-Management-System-manual.docx	DejaVuSans,DejaVuSans-Bold,LiberationSans,LiberationSans-Bold,LiberationSerif,OpenSymbol	DejaVuSans,DejaVuSans-Bold,LiberationSans,LiberationSans-Bold,LiberationSerif,OpenSymbol
