slides/batch-001/ppt/WC_Update-Aug03.ppt	LiberationSerif,LiberationSerif-Bold	LiberationSerif,LiberationSerif-Bold
slides/batch-001/ppt/policy-pesentation.ppt	LiberationSans,LiberationSans-Bold,OpenSymbol	LiberationSans,LiberationSans-Bold,OpenSymbol
slides/batch-001/ppt/wells08_basic.ppt	LiberationSans,LiberationSerif,LiberationSerif-Bold,LiberationSerif-Italic	LiberationSans,LiberationSerif,LiberationSerif-Bold,LiberationSerif-Italic
slides/batch-001/pptx/111006 COMSTAC STOWG Aero spaceports IFG.pptx	Carlito-Regular,LiberationSans	Carlito-Regular,LiberationSans
slides/batch-001/pptx/BMFE-06-03 (Gerflor) Smoke Density and Toxicity.pptx	LiberationSans,LiberationSans-Bold,LiberationSans-BoldItalic,OpenSymbol	LiberationSans,LiberationSans-Bold,LiberationSans-BoldItalic,OpenSymbol
slides/batch-001/pptx/Definitions commodity chains.pptx	LiberationSans,LiberationSans-Bold	LiberationSans,LiberationSans-Bold
slides/batch-001/pptx/Statement of Work presentation.pptx	DejaVuSans,DejaVuSans-Bold,OpenSymbol	DejaVuSans,DejaVuSans-Bold,OpenSymbol
slides/batch-001/pptx/Trust Fund Excise Taxes Structure.pptx	LiberationSans,LiberationSans-Bold	LiberationSans,LiberationSans-Bold
slides/batch-001/pptx/fishbone-diagram-template-ppt-1.pptx	Carlito-Regular,LiberationSans	Carlito-Regular,LiberationSans
slides/batch-002/ppt/080214-Intl-pol-frameworks-and-their-implications-for-Africa-ISS-workshop.ppt	DejaVuSerif,DejaVuSerif-Bold,LiberationSans,LiberationSans-Italic,LiberationSerif,LiberationSerif-Italic	DejaVuSerif,DejaVuSerif-Bold,LiberationSans,LiberationSans-Italic
slides/batch-002/ppt/gfopportunitiesforlinkagespres_2010_en.ppt	Carlito-Bold,Carlito-BoldItalic,Carlito-Italic,Carlito-Regular,LiberationSans,LiberationSans-Bold,LiberationSans-BoldItalic,LiberationSans-Italic	Carlito-Bold,Carlito-BoldItalic,Carlito-Italic,Carlito-Regular,LiberationSans,LiberationSans-Bold,LiberationSans-Italic
slides/batch-002/ppt/ws_prod-g-doc-Events-2007-Approval-of-Flight-Conditions-RM-NAA-16032007.ppt	DejaVuSans-Bold,LiberationSans-Bold,OpenSymbol	DejaVuSans,DejaVuSans-Bold,LiberationSans,LiberationSans-Bold,OpenSymbol
slides/batch-002/ppt/ws_prod-g-doc-Events-2007-may-presentation-PtF-background-+-principles.ppt	DejaVuSans,DejaVuSans-Bold,OpenSymbol	DejaVuSans,DejaVuSans-Bold,OpenSymbol
slides/batch-002/ppt/ws_prod-g-doc-Events-2007-november-IACA-presentation-at-EASA-Fuel-Tank-Safety-Training-Seminar.ppt	LiberationSerif,LiberationSerif-Bold,LiberationSerif-Italic	LiberationSerif,LiberationSerif-Bold,LiberationSerif-Italic
slides/batch-002/ppt/ws_prod-g-doc-Events-Part-M-presentation.ppt	DejaVuSans,DejaVuSans-Bold,OpenSymbol	DejaVuSans,DejaVuSans-Bold,OpenSymbol
slides/batch-002/pptx/Curriculum-Schematic-E22-11052025.pptx	DejaVuSans,DejaVuSans-Bold,LiberationSans,LiberationSans-Bold,LiberationSans-Italic	DejaVuSans,DejaVuSans-Bold,LiberationSans,LiberationSans-Bold,LiberationSans-Italic
slides/batch-002/pptx/diapo_6_fees_vous_etes_poctdoct_exterieur_a_luniv_v2_0_1.pptx	Carlito-Bold,Carlito-Italic,DejaVuSans-Bold	Carlito-Bold,Carlito-Italic,DejaVuSans-Bold
slides/batch-002/pptx/iaeg_work_group_leader_updates.pptx	Carlito-Regular,LiberationSans,LiberationSans-Bold,LiberationSans-Italic	Carlito-Regular,LiberationSans,LiberationSans-Bold,LiberationSans-Italic
slides/batch-002/pptx/medicines_bulletin_february_2023_final.pptx	Carlito-Bold,Carlito-Regular,LiberationSans-Bold	Carlito-Bold,Carlito-Regular,LiberationSans,LiberationSans-Bold
slides/batch-003/ppt/010605Vul.ppt	DejaVuSans,DejaVuSans-Bold,LiberationSans,LiberationSans-Bold,LiberationSans-BoldItalic,LiberationSans-Italic,LiberationSerif,LiberationSerif-Italic	DejaVuSans,LiberationSans,LiberationSans-Bold,LiberationSans-BoldItalic,LiberationSans-Italic,OpenSymbol
slides/batch-003/ppt/Inducement-to-Insurance-Business.ppt	Carlito-Bold,DejaVuSans-Bold,DejaVuSerif,DejaVuSerif-Bold	Carlito-Bold,Carlito-Regular,DejaVuSans-Bold,DejaVuSerif,DejaVuSerif-Bold
slides/batch-003/ppt/outlook_of_nigerian_pension_sector.ppt	DejaVuSans,DejaVuSans-Bold,LiberationSans,LiberationSans-Bold,LiberationSerif-Bold,OpenSymbol	DejaVuSans,DejaVuSans-Bold,LiberationSans,LiberationSans-Bold,OpenSymbol,WenQuanYiZenHei
slides/batch-003/ppt/ws_prod-g-doc-Events-2007-Privileges.ppt	DejaVuSans,DejaVuSans-Bold,LiberationSans,LiberationSans-Bold,OpenSymbol	DejaVuSans,DejaVuSans-Bold,LiberationSans,LiberationSans-Bold,OpenSymbol
slides/batch-003/ppt/ws_prod-g-doc-Events-2007-september-MDM.032-(ENGLISH)-CZ.ppt	DejaVuSans,DejaVuSans-Bold,LiberationSans-Bold,OpenSymbol	DejaVuSans,DejaVuSans-Bold,LiberationSans-Bold,OpenSymbol
slides/batch-003/pptx/02_REDAC_New ATM briefing _March 2017v2.pptx	LiberationSans,LiberationSans-Bold,LiberationSans-BoldItalic,LiberationSans-Italic	LiberationSans,LiberationSans-Bold,LiberationSans-BoldItalic,LiberationSans-Italic,OpenSymbol
slides/batch-003/pptx/97936.pptx	Carlito-Bold,Carlito-Regular,LiberationSans,LiberationSans-Bold	Carlito-Bold,Carlito-Regular,LiberationSans,LiberationSans-Bold,OpenSymbol
slides/batch-003/pptx/NCW-2024-Guide-.pptx	Carlito-Bold,Carlito-Regular,DejaVuSans,DejaVuSans-Bold	Carlito-Bold,Carlito-Regular,DejaVuSans,DejaVuSans-Bold
slides/batch-003/pptx/dhs-293364.pptx	Carlito-Bold,Carlito-Regular,DejaVuSans,DejaVuSans-Bold,DejaVuSerif,LiberationSans,LiberationSans-Bold,OpenSymbol	Carlito-Bold,Carlito-Regular,DejaVuSans-Bold,DejaVuSerif,LiberationSans,LiberationSans-Bold,OpenSymbol
slides/batch-003/pptx/ev122_jj-liew-tort-of-bribery-webinar.pptx	DejaVuSans,LiberationSans,LiberationSans-Bold,LiberationSans-Italic,OpenSymbol	LiberationSans,LiberationSans-Bold,LiberationSans-Italic,OpenSymbol
slides/batch-004/ppt/undp_presentation_revised_17_may.ppt	DejaVuSans,DejaVuSans-Bold,LiberationSans,LiberationSans-Bold,LiberationSerif,LiberationSerif-Bold,OpenSymbol	DejaVuSans,DejaVuSans-Bold,LiberationSans,LiberationSans-Bold,LiberationSerif,LiberationSerif-Bold,OpenSymbol
slides/batch-004/ppt/ws_prod-g-doc-Events-2007-september-M.017-(French)-France.ppt	DejaVuSans,DejaVuSans-Bold,OpenSymbol	DejaVuSans,DejaVuSans-Bold,OpenSymbol
slides/batch-004/ppt/ws_prod-g-doc-Events-industrymeeting18112004-European-Safety-Strategy-Initiative.ppt	DejaVuSans,DejaVuSans-Bold,LiberationSans-Bold,OpenSymbol	DejaVuSans,DejaVuSans-Bold,LiberationSans,LiberationSans-Bold
slides/batch-004/pptx/DOE Interactive Exercise Presentation draft rev 2.pptx	Carlito-Regular,DejaVuSans,LiberationSans,LiberationSans-Bold,OpenSymbol	Carlito-Regular,DejaVuSans,LiberationSans,LiberationSans-Bold,OpenSymbol
slides/batch-004/pptx/Item 6b - UNSD - Dissemination through APIs.pptx	Carlito-Bold,Carlito-Regular,LiberationSans,LiberationSans-Bold	Carlito-Bold,Carlito-Regular,LiberationSans
slides/batch-004/pptx/Liturgical-Commission-2025-Convention-Presentation.pptx	DejaVuSans,LiberationSans	LiberationSans,Play-Regular
slides/batch-004/pptx/Session 21- The option to expand & abandon.pptx	LiberationSans,LiberationSans-Italic,LiberationSerif,LiberationSerif-Bold,OpenSymbol	LiberationSans,LiberationSans-Italic,LiberationSerif,LiberationSerif-Bold,OpenSymbol
slides/batch-004/pptx/ghgp-supply-chain-initiative_20100323_wri.pptx	Carlito-Bold,Carlito-BoldItalic,Carlito-Italic,Carlito-Regular,DejaVuSans,LiberationSans,LiberationSans-Bold,LiberationSans-BoldItalic,LiberationSans-Italic,OpenSymbol	Carlito-Bold,Carlito-BoldItalic,Carlito-Italic,Carlito-Regular,LiberationSans,LiberationSans-Bold,LiberationSans-BoldItalic,LiberationSans-Italic,OpenSymbol
slides/batch-004/pptx/redac-fullComm-201705-EE-FRs-briefing.pptx	Carlito-Bold,Carlito-Regular,DejaVuSerif,OpenSymbol	Carlito-Bold,Carlito-Regular,DejaVuSerif,OpenSymbol
slides/batch-004/pptx/solog_orientation_august_2019.pptx	Carlito-Regular,DejaVuSerif,DejaVuSerif-Bold,LiberationSans,LiberationSans-Bold	Carlito-Regular,DejaVuSans-Bold,DejaVuSerif,DejaVuSerif-Bold,LiberationSans,OpenSymbol
slides/batch-005/ppt/0335fab9-79f0-4944-b92c-f223837ca2d8.ppt	LiberationSans,LiberationSans-Bold,LiberationSans-Italic	LiberationSans,LiberationSans-Bold,LiberationSans-Italic
slides/batch-005/ppt/berlin.ppt	DejaVuSans,DejaVuSans-Bold,LiberationSerif	DejaVuSans,DejaVuSans-Bold,LiberationSerif,OpenSymbol
slides/batch-005/ppt/ws_prod-g-doc-Events-industrymeeting18112004-Aercap.ppt	DejaVuSans,DejaVuSans-Bold,LiberationSerif,OpenSymbol	DejaVuSans,DejaVuSans-Bold,OpenSymbol
slides/batch-005/pptx/5b_upasana_dasgupta_-_liability_and_registration.pptx	DejaVuSans,DejaVuSans-Bold,OpenSymbol	DejaVuSans,DejaVuSans-Bold,OpenSymbol
slides/batch-005/pptx/ANG C-1 ATC-TO Core Program - HF REDAC briefing September 7 2016.pptx	DejaVuSans,LiberationSans,LiberationSans-Bold,LiberationSans-BoldItalic,LiberationSans-Italic	LiberationSans,LiberationSans-Bold,LiberationSans-BoldItalic,LiberationSans-Italic,OpenSymbol
slides/batch-005/pptx/NAS-Infrastructure-Roadmaps-Weather.pptx	DejaVuSans,DejaVuSans-Bold,LiberationSans,LiberationSans-Bold	DejaVuSans,DejaVuSans-Bold,LiberationSans,LiberationSans-Bold
slides/batch-005/pptx/attendance-updates-for-governors.pptx	Carlito-Bold,Carlito-Regular,DejaVuSans,DejaVuSans-Bold,LiberationSans,LiberationSans-Italic,OpenSymbol	Carlito-Bold,Carlito-Regular,DejaVuSans,DejaVuSans-Bold,LiberationSans,LiberationSans-Italic,OpenSymbol
slides/batch-005/pptx/c_291533.pptx	Carlito-Bold,Carlito-Regular,DejaVuSans-Bold,LiberationSans,LiberationSans-Bold,LiberationSans-Italic,OpenSymbol	Carlito-Bold,Carlito-Regular,DejaVuSans-Bold,LiberationSans,LiberationSans-Bold,LiberationSans-Italic,OpenSymbol
slides/batch-005/pptx/manufacturing_process_simulation_working_group_overview_2023.pptx	Carlito-Regular,DejaVuSans,DejaVuSans-Bold,LiberationSans,LiberationSans-Bold	Carlito-Regular,DejaVuSans,DejaVuSans-Bold,LiberationSans
slides/batch-006/ppt/ITE106-Chapter 4.ppt	Carlito-Bold,Carlito-BoldItalic,Carlito-Italic,Carlito-Regular,LiberationSans,LiberationSans-Bold,LiberationSans-BoldItalic,LiberationSans-Italic	Carlito-Bold,Carlito-BoldItalic,Carlito-Italic,Carlito-Regular,LiberationSans,LiberationSans-Bold,LiberationSans-BoldItalic
slides/batch-006/ppt/Lepore.ppt	LiberationSans,LiberationSans-Bold,LiberationSans-BoldItalic,LiberationSans-Italic,LiberationSerif	LiberationSans,LiberationSans-Bold,LiberationSans-BoldItalic,LiberationSans-Italic,LiberationSerif
slides/batch-006/ppt/pods05.ppt	DejaVuSans,DejaVuSans-Bold,LiberationMono,LiberationMono-Bold,LiberationSans,LiberationSans-Bold,LiberationSans-Italic,LiberationSerif,LiberationSerif-Bold,OpenSymbol	DejaVuSans,DejaVuSans-Bold,LiberationMono,LiberationMono-Bold,LiberationSans,LiberationSans-Bold,LiberationSans-Italic,LiberationSerif,LiberationSerif-Bold,OpenSymbol
slides/batch-006/ppt/ws_prod-g-doc-Events-r-6.-ESM.ppt	DejaVuSans,DejaVuSans-Bold,LiberationSerif,LiberationSerif-Bold,OpenSymbol	DejaVuSans,DejaVuSans-Bold,LiberationSans,LiberationSerif,LiberationSerif-Bold,OpenSymbol
slides/batch-006/pptx/Course Selection 2025-26 Current Grade 09.pptx	DejaVuSans,DejaVuSans-Bold	DejaVuSans,DejaVuSans-Bold,OpenSymbol
slides/batch-006/pptx/NAS-Infrastructure-Roadmaps-HSI.pptx	Carlito-Regular,DejaVuSans,DejaVuSans-Bold,LiberationSans,LiberationSans-Bold	Carlito-Regular,DejaVuSans,DejaVuSans-Bold,LiberationSans,LiberationSans-Bold
slides/batch-006/pptx/Stakeholders-v08052017 - v5.pptx	Carlito-Bold,Carlito-Regular,DejaVuSans,DejaVuSans-Bold,LiberationMono,LiberationSans	Carlito-Bold,Carlito-Regular,DejaVuSans,DejaVuSans-Bold,LiberationMono,LiberationSans,OpenSymbol
slides/batch-006/pptx/iris07.12.12.pptx	Carlito-Bold,Carlito-BoldItalic,Carlito-Italic,Carlito-Regular,LiberationSans,LiberationSans-Bold,LiberationSans-Italic,LiberationSerif,LiberationSerif-Italic	Carlito-Bold,Carlito-BoldItalic,Carlito-Italic,Carlito-Regular,LiberationSans,LiberationSans-Bold,LiberationSans-Italic,LiberationSerif,LiberationSerif-Italic
slides/batch-006/pptx/social-media-app-bulletin-january.pptx	Carlito-Bold,Carlito-BoldItalic,Carlito-Italic,Carlito-Regular	Carlito-Bold,Carlito-BoldItalic,Carlito-Italic,Carlito-Regular
slides/batch-006/pptx/wopanets-innovationdays-06-16.pptx	LiberationSans,LiberationSans-Bold,OpenSymbol	LiberationSans,LiberationSans-Bold,OpenSymbol
slides/batch-007/ppt/1-secretariat.ppt	DejaVuSans-Bold,LiberationSans-Bold	DejaVuSans,DejaVuSans-Bold,LiberationSans-Bold
slides/batch-007/ppt/architecture6.ppt	Carlito-Regular,LiberationSans,LiberationSans-Bold,LiberationSans-Italic,OpenSymbol	Carlito-Regular,LiberationSans,LiberationSans-Bold,LiberationSans-Italic,OpenSymbol
slides/batch-007/ppt/introduction_to_bea_tuxedo.ppt	DejaVuSansMono,DejaVuSansMono-Bold,LiberationSans,LiberationSans-Bold,LiberationSans-BoldItalic,LiberationSerif,LiberationSerif-Bold	DejaVuSansMono,DejaVuSansMono-Bold,LiberationSans,LiberationSans-Bold,LiberationSans-BoldItalic,LiberationSerif,LiberationSerif-Bold
slides/batch-007/pptx/Boeing 737 Max - Group 5.pptx	DejaVuSans	DejaVuSans
slides/batch-007/pptx/Ensemble-pour-l-amelioration-de-la-securite-de-lac-AIRBUS.pptx	DejaVuSans,LiberationSans,LiberationSans-Bold,OpenSymbol	DejaVuSans,LiberationSans,LiberationSans-Bold,OpenSymbol
slides/batch-007/pptx/PAL Block Intro 2023.pptx	Carlito-Bold,Carlito-Regular,DejaVuSans,LiberationSans,LiberationSans-Bold,LiberationSans-Italic,OpenSymbol	Carlito-Bold,Carlito-Regular,LiberationSans,LiberationSans-Bold,LiberationSans-Italic,OpenSymbol
slides/batch-007/pptx/REDAC HF briefing Sep 2016_LARD_ATC_TO_FE_v2.pptx	Carlito-Regular,LiberationSans,LiberationSans-Bold,LiberationSans-BoldItalic,LiberationSans-Italic	Carlito-Regular,LiberationSans,LiberationSans-Bold,LiberationSans-BoldItalic,LiberationSans-Italic,OpenSymbol
slides/batch-007/pptx/bitesize-writing-a-report.pptx	Carlito-Bold,Carlito-Italic,Carlito-Regular,DejaVuSans-Bold,DejaVuSerif-Bold,LiberationSans,LiberationSans-Bold	Carlito-Bold,Carlito-Italic,Carlito-Regular,DejaVuSans-Bold,LiberationSans
slides/batch-007/pptx/flying-by-numbers-presentation.pptx	Carlito-Bold,Carlito-Italic,Carlito-Regular,DejaVuSans,DejaVuSans-Bold,LiberationSans,LiberationSans-Bold	Carlito-Bold,Carlito-Italic,Carlito-Regular,DejaVuSans,DejaVuSans-Bold,LiberationSans,LiberationSans-Bold
slides/batch-007/pptx/nabiyeleul_1_aviation_service_28_july_2020.pptx	DejaVuSans,DejaVuSans-Bold,LiberationSans,OpenSymbol	DejaVuSans,DejaVuSans-Bold,LiberationSans,OpenSymbol
slides/batch-008/ppt/71393_pp7.ppt	DejaVuSans,DejaVuSans-Bold,LiberationSans,LiberationSans-Bold,LiberationSans-BoldItalic,OpenSymbol	DejaVuSans,DejaVuSans-Bold,LiberationSans,LiberationSans-Bold,LiberationSans-BoldItalic,OpenSymbol
slides/batch-008/ppt/Framing Europe.ppt	LiberationSerif,LiberationSerif-Bold,LiberationSerif-Italic,OpenSymbol	LiberationSerif,LiberationSerif-Bold,LiberationSerif-Italic,OpenSymbol
slides/batch-008/ppt/RESPA_-_Section_8_Webinar.ppt	Carlito-Bold,Carlito-Regular,DejaVuSans,DejaVuSans-Bold,OpenSymbol	Carlito-Bold,Carlito-Regular,DejaVuSans,DejaVuSans-Bold,OpenSymbol
slides/batch-008/ppt/concepts-surrounding-cloud-computing-carolyn-kranz-and-rich-prem-gb-seattle-2011.ppt	LiberationSans,LiberationSans-Bold,LiberationSans-BoldItalic,LiberationSans-Italic,LiberationSerif	LiberationSans,LiberationSans-Bold,LiberationSans-BoldItalic,LiberationSans-Italic,LiberationSerif
slides/batch-008/ppt/joint_user_outcomes_michael_fullerton_29.06.12.ppt	Carlito-Bold,Carlito-Regular,DejaVuSans,DejaVuSerif,DejaVuSerif-Bold,LiberationSans,OpenSymbol	Carlito-Bold,Carlito-Regular,DejaVuSans,DejaVuSerif,DejaVuSerif-Bold,LiberationSans,OpenSymbol
slides/batch-008/pptx/10. Drawings, circuit diagrams and schematics.pptx	LiberationSans,LiberationSans-Bold,LiberationSans-BoldItalic,LiberationSans-Italic	LiberationSans,LiberationSans-Bold,LiberationSans-BoldItalic,LiberationSans-Italic
slides/batch-008/pptx/8_P-Pavese_AIRBUS-ATB-journee-CRATB.pptx	Carlito-Bold,Carlito-Regular,DejaVuSans,DejaVuSans-Bold,LiberationSans,LiberationSans-Bold,LiberationSerif,LiberationSerif-Bold	Carlito-Bold,Carlito-Regular,DejaVuSans,DejaVuSans-Bold,DejaVuSerif,DejaVuSerif-Bold,LiberationSans,LiberationSans-Bold,LiberationSerif,LiberationSerif-Bold,OpenSymbol
slides/batch-008/pptx/AATF-Fact-Sheet-2025.pptx	Carlito-Bold,Carlito-Italic,Carlito-Regular,DejaVuSans,DejaVuSans-Bold,LiberationSans,LiberationSans-Bold	Carlito-Bold,Carlito-Italic,Carlito-Regular,DejaVuSans,DejaVuSans-Bold,LiberationSans,LiberationSans-Bold,OpenSymbol
slides/batch-008/pptx/BHCA Part II webinar #2 - 10.2020.pptx	DejaVuSans,DejaVuSerif,DejaVuSerif-Bold,LiberationMono,LiberationSans,LiberationSans-Bold	DejaVuSans,DejaVuSerif,DejaVuSerif-Bold,LiberationMono,LiberationSans,LiberationSans-Bold
slides/batch-008/pptx/FIT26-Presentation-Airservices-Update.pptx	Carlito-Bold,Carlito-Regular,LiberationSans,LiberationSans-Bold	Carlito-Bold,Carlito-Regular,LiberationSans,LiberationSans-Bold
slides/batch-009/ppt/8.16_AOD_FINAL_Provider_Training_Presentation_9_2009.ppt	LiberationSans,LiberationSans-Bold,LiberationSerif,LiberationSerif-Bold,LiberationSerif-Italic,OpenSymbol	LiberationSans,LiberationSans-Bold,LiberationSerif,LiberationSerif-Bold,LiberationSerif-Italic,OpenSymbol
slides/batch-009/ppt/Airport Planning 09112013.ppt	DejaVuSans-Bold,LiberationSans,LiberationSans-Bold,LiberationSerif,LiberationSerif-Bold,OpenSymbol	DejaVuSans-Bold,LiberationSans,LiberationSans-Bold,LiberationSerif,LiberationSerif-Bold,OpenSymbol
slides/batch-009/ppt/EG1_dsrc tech.ppt	DejaVuSans,DejaVuSans-Bold,LiberationSans,LiberationSans-Bold,LiberationSerif-Bold,OpenSymbol	DejaVuSans,DejaVuSans-Bold,LiberationSans,LiberationSans-Bold,LiberationSerif-Bold,OpenSymbol
slides/batch-009/ppt/Employment-Based_I-485.ppt	DejaVuSans,DejaVuSans-Bold,OpenSymbol	DejaVuSans,DejaVuSans-Bold,OpenSymbol
slides/batch-009/pptx/G-InvoicingKeithJarboe.pptx	Carlito-Bold,Carlito-Regular,DejaVuSans-Bold,LiberationSans,LiberationSans-Bold	Carlito-Bold,Carlito-Regular,DejaVuSans-Bold,LiberationSans,LiberationSans-Bold
slides/batch-009/pptx/NWD-GLA-Community-Outreach-Day-Oct-2025.pptx	Carlito-Bold,Carlito-Regular,LiberationSans,LiberationSans-Bold	Carlito-Bold,Carlito-Regular,LiberationSans
slides/batch-009/pptx/ROK-PI Climate Bulletin - Edition 2017-06.pptx	Carlito-Bold,Carlito-Italic,Carlito-Regular	Carlito-Bold,Carlito-Italic,Carlito-Regular
slides/batch-009/pptx/airbus-powerpoint-presentation-2019-20-without-video_diy_2019-20.pptx	Carlito-Bold,Carlito-Regular,DejaVuSans,DejaVuSansMono,LiberationSans,LiberationSans-Bold,OpenSymbol	Carlito-Bold,Carlito-Regular,DejaVuSans,DejaVuSansMono,LiberationSans,LiberationSans-Bold,OpenSymbol
slides/batch-009/pptx/item_3-environmental_process_briefing.pptx	DejaVuSans,LiberationSans,LiberationSans-Bold,OpenSymbol	DejaVuSans,LiberationSans,LiberationSans-Bold,OpenSymbol
slides/batch-009/pptx/redac-sas-201403-ppt-portfolio-rev-sim.pptx	DejaVuSans,DejaVuSans-Bold,LiberationSans,LiberationSans-Bold,LiberationSans-BoldItalic,LiberationSans-Italic,LiberationSerif,LiberationSerif-Bold,OpenSymbol	DejaVuSans,LiberationSans,LiberationSans-Bold,LiberationSans-BoldItalic,LiberationSans-Italic,LiberationSerif,LiberationSerif-Bold,OpenSymbol
slides/batch-010/ppt/Fundamentals_Module_1_basics.ppt	DejaVuSans-Bold,LiberationSans,LiberationSans-Bold,LiberationSans-BoldItalic,LiberationSans-Italic,LiberationSerif-Bold	DejaVuSans-Bold,LiberationSans,LiberationSans-Bold,LiberationSans-BoldItalic,LiberationSans-Italic
slides/batch-010/ppt/W3_Case_Study_of_a_Tsunami_Warning_Simulation_Exercise_Ed.ppt	DejaVuSans,LiberationSans,LiberationSans-Bold,LiberationSans-BoldItalic,LiberationSerif,LiberationSerif-Bold	DejaVuSans,LiberationSans,LiberationSans-Bold,LiberationSans-BoldItalic,LiberationSerif,LiberationSerif-Bold
slides/batch-010/ppt/iep-amount-frequency-for-webinar.ppt	DejaVuSans,LiberationSans,LiberationSans-Bold,LiberationSans-BoldItalic,LiberationSans-Italic,OpenSymbol	DejaVuSans,LiberationSans,LiberationSans-Bold,LiberationSans-BoldItalic,LiberationSans-Italic,OpenSymbol
slides/batch-010/pptx/30-04-2021 merged NDoH and NICD_Presentation HBV BD meeting 05May2021_1.pptx	Carlito-Bold,Carlito-BoldItalic,Carlito-Regular,DejaVuSans,DejaVuSans-Bold,LiberationSans,LiberationSans-Bold	Carlito-Bold,Carlito-BoldItalic,Carlito-Regular,DejaVuSerif,LiberationSans,LiberationSans-Bold,OpenSymbol
slides/batch-010/pptx/COMSTAC_11_5_2021am_2.pptx	LiberationSans,LiberationSans-Bold,LiberationSans-BoldItalic	LiberationSans,LiberationSans-Bold,LiberationSans-BoldItalic,OpenSymbol
slides/batch-010/pptx/FIT26-Presentation-PR-Briefing-Debrief-Airbus.pptx	LiberationSans,LiberationSans-Bold,LiberationSans-Italic	LiberationSans,LiberationSans-Bold,LiberationSans-Italic
slides/batch-010/pptx/HENTZEN_COMPOSITE_MATERIALS_IN_THE_AEROSPACE_INDUSTRY.pptx	DejaVuSans,DejaVuSans-Bold,LiberationSans,LiberationSans-Bold	DejaVuSans,DejaVuSans-Bold,LiberationSans
slides/batch-010/pptx/Tax factsheet 2022 (1).pptx	Carlito-Bold,Carlito-Regular,LiberationSans,LiberationSans-Bold	Carlito-Bold,Carlito-Regular,DejaVuSans,LiberationSans,LiberationSans-Bold
slides/batch-010/pptx/[Christophe]NLP_reseau_inge_stat.pptx	LiberationSans,LiberationSans-Bold,LiberationSans-BoldItalic,LiberationSans-Italic,OpenSymbol	LiberationSans,LiberationSans-Bold,LiberationSans-BoldItalic,LiberationSans-Italic,OpenSymbol
slides/batch-010/pptx/southern-classic-kennesaw-state-university-final.pptx	Carlito-Bold,Carlito-BoldItalic,Carlito-Italic,Carlito-Regular,LiberationSans,OpenSymbol	Carlito-Bold,Carlito-BoldItalic,Carlito-Italic,Carlito-Regular,DejaVuSans,LiberationSans,OpenSymbol
slides/batch-011/ppt/BUS-Chapter 05.ppt	DejaVuSans,DejaVuSans-Bold,LiberationSans,LiberationSans-Bold,LiberationSerif	DejaVuSans,DejaVuSans-Bold,LiberationSans,LiberationSans-Bold,LiberationSerif
slides/batch-011/pptx/171128IPAP.pptx	Carlito-Bold,Carlito-BoldItalic,Carlito-Italic,Carlito-Regular,DejaVuSans-Bold,LiberationSans,LiberationSans-Bold,LiberationSans-BoldItalic,OpenSymbol	Carlito-Bold,Carlito-BoldItalic,Carlito-Italic,Carlito-Regular,DejaVuSans-Bold,LiberationSans,LiberationSans-Bold,LiberationSans-BoldItalic,LiberationSerif-Bold,OpenSymbol
slides/batch-011/pptx/BasicMed_AME_Presentation.pptx	LiberationSans,LiberationSans-Bold,LiberationSans-Italic,OpenSymbol	LiberationSans,LiberationSans-Bold,LiberationSans-Italic,OpenSymbol
slides/batch-011/pptx/Copy of Full deck with references Promotion of Outside Interests at Work final(1).pptx	LiberationSans,LiberationSans-Bold,LiberationSans-BoldItalic,LiberationSans-Italic,LiberationSerif,LiberationSerif-Bold	LiberationSans,LiberationSans-Bold,LiberationSans-BoldItalic,LiberationSans-Italic,LiberationSerif,LiberationSerif-Bold,OpenSymbol
slides/batch-011/pptx/DoIRD Meeting 16JAN14 v1-1.pptx	Carlito-Bold,Carlito-BoldItalic,Carlito-Italic,Carlito-Regular,LiberationSans,LiberationSans-Bold,LiberationSans-Italic,OpenSymbol	Carlito-Bold,Carlito-BoldItalic,Carlito-Italic,Carlito-Regular,LiberationSans,OpenSymbol
slides/batch-011/pptx/John_Broggio__RSS_Campion_event_John_Broggio.pptx	LiberationSans,LiberationSans-Bold	LiberationSans,LiberationSans-Bold,OpenSymbol
slides/batch-011/pptx/REDAC Briefing_SSIT_CARA_08132014.ppt.pptx	LiberationSans,LiberationSans-Bold,LiberationSans-Italic,LiberationSerif-Bold	LiberationSans,LiberationSans-Bold,LiberationSans-Italic
slides/batch-011/pptx/Sector_Skills_Insights_Advanced_Manufacturing_summary_slide_pack.pptx	DejaVuSans,LiberationMono,LiberationSans,LiberationSans-Bold,LiberationSans-BoldItalic	DejaVuSans,LiberationMono,LiberationSans,LiberationSans-Bold,LiberationSans-BoldItalic,OpenSymbol
slides/batch-011/pptx/passiv.pptx	Carlito-Bold,Carlito-Regular,DejaVuSans,DejaVuSans-Bold,LiberationSans,LiberationSans-Bold,LiberationSans-BoldItalic,LiberationSans-Italic	Carlito-Bold,Carlito-Regular,DejaVuSans-Bold,LiberationSans,LiberationSans-Bold,LiberationSans-BoldItalic,LiberationSans-Italic,OpenSymbol
slides/batch-011/pptx/section_1_our_rights_presentation.pptx	Carlito-Bold,Carlito-BoldItalic,Carlito-Regular,DejaVuSans,DejaVuSans-Bold,LiberationSans,OpenSymbol	Carlito-Bold,Carlito-BoldItalic,Carlito-Regular,DejaVuSans,DejaVuSans-Bold,LiberationSans,OpenSymbol
slides/batch-012/pptx/1_Country-Updates_DRC_English.pptx	Carlito-Regular,DejaVuSans,DejaVuSans-Bold,LiberationSans,LiberationSans-Bold	Carlito-Regular,DejaVuSans,DejaVuSans-Bold,LiberationSans,LiberationSans-Bold
slides/batch-012/pptx/23-session-2-pptx.pptx	LiberationMono,LiberationSans,LiberationSans-Bold,OpenSymbol	LiberationMono,LiberationSans,LiberationSans-Bold,OpenSymbol
slides/batch-012/pptx/3495.pptx	LiberationSans,LiberationSans-Bold,LiberationSans-BoldItalic,OpenSymbol	LiberationSans,LiberationSans-Bold,LiberationSans-BoldItalic,OpenSymbol
slides/batch-012/pptx/B2B-Center-Readiness-and-Student-Retention.pptx	Carlito-Bold,Carlito-Italic,Carlito-Regular,DejaVuSans,DejaVuSans-Bold,LiberationSans-Bold	Carlito-Bold,Carlito-Italic,Carlito-Regular,DejaVuSans,DejaVuSans-Bold,LiberationSans
slides/batch-012/pptx/NAS-Infrastructure-Roadmaps-v16.0.pptx	Carlito-Bold,Carlito-Regular,DejaVuSans,DejaVuSans-Bold,LiberationSans,LiberationSans-Bold,OpenSymbol	Carlito-Bold,Carlito-Regular,DejaVuSans,DejaVuSans-Bold,LiberationSans,LiberationSans-Bold
slides/batch-012/pptx/OnTrac_StarCertificationProgram-3Day.pptx	Carlito-Bold,Carlito-Regular,DejaVuSans,DejaVuSans-Bold,LiberationSans,LiberationSans-Bold,LiberationSans-Italic,OpenSymbol	Carlito-Bold,Carlito-Regular,DejaVuSans,LiberationSans,LiberationSans-Bold,LiberationSans-Italic,OpenSymbol
slides/batch-012/pptx/Session-1-Presentation-Reporting-Forms-Form-12-final.pptx	Carlito-Regular,DejaVuSans,DejaVuSans-Bold,LiberationMono,LiberationMono-Bold,LiberationSans,OpenSymbol	ArialNarrow,Carlito-Regular,DejaVuSans,DejaVuSans-Bold,LiberationMono,LiberationSans,Montserrat-Bold,OpenSymbol
slides/batch-012/pptx/Sylva%20introduction%20session.pptx	Carlito-Bold,Carlito-Regular,DejaVuSans,DejaVuSans-Bold,LiberationSans,LiberationSans-Bold,OpenSymbol	Carlito-Bold,Carlito-Regular,DejaVuSans,DejaVuSans-Bold,LiberationSans,LiberationSans-Bold,OpenSymbol
slides/batch-012/pptx/_1___Opatrny_Ales_United_Kingdom_business_opportunities_final.pptx	Carlito-Bold,Carlito-Italic,Carlito-Regular,DejaVuSans,DejaVuSans-Bold,LiberationSans,LiberationSans-Bold	Carlito-Bold,Carlito-Italic,Carlito-Regular,DejaVuSans,DejaVuSans-Bold,LiberationSans
slides/batch-012/pptx/order-of-worship-ppt-revised-2018.pptx	DejaVuSans,DejaVuSans-Bold,LiberationSans,LiberationSans-Bold,LiberationSerif-Italic,OpenSymbol	DejaVuSans,DejaVuSans-Bold,LiberationSans,LiberationSerif-Italic,OpenSymbol
slides/batch-013/ppt/JesuitAssocOfStudentPersonnel.ppt	DejaVuSans,DejaVuSans-Bold,LiberationSans,LiberationSans-Bold,LiberationSans-BoldItalic,LiberationSans-Italic	DejaVuSans,DejaVuSans-Bold,LiberationSans,LiberationSans-Bold,LiberationSans-BoldItalic,LiberationSans-Italic
slides/batch-013/ppt/RRM-training-syllabus-Chapter-3-Teamwork-TC-Towing-Incident-Analysis-Dec-2009.ppt	DejaVuSerif,DejaVuSerif-Bold,LiberationSans,LiberationSans-Bold,LiberationSans-BoldItalic,LiberationSerif,LiberationSerif-Bold,LiberationSerif-BoldItalic	DejaVuSans,DejaVuSans-Bold,LiberationSans,LiberationSans-Bold,LiberationSans-BoldItalic,LiberationSerif,LiberationSerif-Bold,LiberationSerif-BoldItalic
slides/batch-013/ppt/gillikin_online_user_mtg_2010.ppt	DejaVuSerif,LiberationSans,LiberationSans-Bold,LiberationSans-Italic,OpenSymbol	DejaVuSerif,LiberationSans,LiberationSans-Bold,LiberationSans-Italic,OpenSymbol
slides/batch-013/pptx/3492.pptx	LiberationSans,LiberationSans-Bold,LiberationSans-BoldItalic,LiberationSans-Italic,OpenSymbol	Carlito-Regular,LiberationSans,LiberationSans-Bold,LiberationSans-BoldItalic,LiberationSans-Italic,OpenSymbol
slides/batch-013/pptx/7-Zulkefli_Part147n66_IKMAS.pptx	Carlito-Bold,Carlito-BoldItalic,Carlito-Italic,Carlito-Regular,DejaVuSans,DejaVuSans-Bold,LiberationSans	Carlito-Bold,Carlito-BoldItalic,Carlito-Italic,Carlito-Regular,DejaVuSans,DejaVuSans-Bold,LiberationSans
slides/batch-013/pptx/County ACHS Presentaion Webinar 8-16-16 Peg.pptx	Carlito-Regular,DejaVuSans,LiberationMono,LiberationSans,LiberationSans-Bold,LiberationSans-BoldItalic,LiberationSans-Italic	Carlito-Regular,LiberationMono,LiberationSans,LiberationSans-Bold,LiberationSans-BoldItalic,LiberationSans-Italic
slides/batch-013/pptx/REDAC briefing March12-13-2014jemvbFINAL.ppt.pptx	Carlito-Bold,Carlito-Regular,DejaVuSans-Bold,LiberationSans,LiberationSans-Bold,LiberationSans-BoldItalic,LiberationSans-Italic,OpenSymbol	Carlito-Bold,Carlito-Regular,DejaVuSans-Bold,LiberationSans,LiberationSans-Bold,LiberationSans-BoldItalic,LiberationSans-Italic,OpenSymbol
slides/batch-013/pptx/SRDMG(16)024_60 GHz onboard airplanes.pptx	Carlito-Bold,Carlito-Regular,DejaVuSans,DejaVuSans-Bold,LiberationSans,LiberationSerif,OpenSymbol	Carlito-Bold,Carlito-Regular,DejaVuSans,DejaVuSans-Bold,LiberationSans,LiberationSerif,OpenSymbol
slides/batch-013/pptx/vv_summit_SAIC-PRESENTATION_FAA-V&V-Summit_508c.pptx	Carlito-Regular,DejaVuSans,DejaVuSans-Bold,LiberationSans,LiberationSans-Bold	Carlito-Regular,DejaVuSans,DejaVuSans-Bold,LiberationSans
slides/batch-013/pptx/vvsummit2022-SAIC-PRESENTATION.pptx	Carlito-Regular,DejaVuSans,DejaVuSans-Bold,LiberationSans,LiberationSans-Bold	Carlito-Regular,DejaVuSans,DejaVuSans-Bold,LiberationSans
slides/batch-014/ppt/Thailand17.ppt	LiberationMono-Bold,LiberationSans,LiberationSans-Bold,LiberationSans-BoldItalic,LiberationSans-Italic,LiberationSerif,LiberationSerif-Bold,LiberationSerif-Italic	LiberationMono-Bold,LiberationSans,LiberationSans-Bold,LiberationSans-BoldItalic,LiberationSans-Italic,LiberationSerif,LiberationSerif-Bold,LiberationSerif-Italic,OpenSymbol
slides/batch-014/ppt/ws_prod-g-doc-Events-2008-February-5-NATO-activities.ppt	LiberationSans,LiberationSans-Bold,LiberationSans-BoldItalic,LiberationSans-Italic,LiberationSerif,LiberationSerif-Italic	LiberationSans,LiberationSans-Bold,LiberationSans-BoldItalic,LiberationSans-Italic
slides/batch-014/pptx/2014BSA_Sunday_Killion.pptx	DejaVuSans,DejaVuSans-Bold,LiberationSans,LiberationSans-Bold,LiberationSans-BoldItalic,LiberationSans-Italic,LiberationSerif,LiberationSerif-Bold,LiberationSerif-Italic	DejaVuSans-Bold,LiberationSans,LiberationSans-Bold,LiberationSans-BoldItalic,LiberationSans-Italic,LiberationSerif,LiberationSerif-Bold,LiberationSerif-Italic
slides/batch-014/pptx/429_BLISc 2019 IInd Sem.  PAPER-7 UNIT 3.pptx	Carlito-Regular,DejaVuSans,LiberationSans,LiberationSerif,LiberationSerif-Bold,OpenSymbol	Carlito-Regular,DejaVuSans,LiberationSans,LiberationSerif,LiberationSerif-Bold,OpenSymbol
slides/batch-014/pptx/Intersil_Italy_CAN_Bus_Transceiver_Presentation_Final.pptx	Carlito-Bold,Carlito-Regular,DejaVuSans,DejaVuSans-Bold,LiberationSans,LiberationSans-Bold,LiberationSans-Italic	Carlito-Bold,Carlito-Regular,DejaVuSans,DejaVuSans-Bold,LiberationSans,LiberationSans-Bold,LiberationSans-Italic
slides/batch-014/pptx/N2_E_Maestroni_Swarm_COP.pptx	DejaVuSans,DejaVuSans-Bold,LiberationMono,LiberationSans,LiberationSans-Bold	DejaVuSans,DejaVuSans-Bold,LiberationMono,LiberationSans
slides/batch-014/pptx/Ramp Up Campaign - French.pptx	DejaVuSans,LiberationSans	AlegreyaSans-Bold,AlegreyaSans-ExtraBold,AlegreyaSans-Medium,LiberationSans
slides/batch-014/pptx/Sean Monogue.pptx	DejaVuSans,DejaVuSans-Bold,LiberationSans,OpenSymbol	LiberationSans,OpenSymbol,Verdana,Verdana-Bold,Verdana-Italic
slides/batch-014/pptx/Structural Testing.pptx	Carlito-Bold,Carlito-Italic,Carlito-Regular,DejaVuSans,DejaVuSans-Bold,DejaVuSerif,LiberationMono,LiberationMono-Bold,LiberationSans,LiberationSans-Bold,LiberationSans-Italic,LiberationSerif,OpenSymbol	Carlito-Bold,Carlito-Italic,Carlito-Regular,DejaVuSans,DejaVuSans-Bold,DejaVuSerif,LiberationMono,LiberationMono-Bold,LiberationSans,LiberationSans-Bold,LiberationSerif,OpenSymbol
slides/batch-014/pptx/WiGr_2021W_1_Angebot-Nachfrage-Elastizität-211017-171222.pptx	Carlito-Regular,DejaVuSans,DejaVuSerif,DejaVuSerif-Bold,LiberationSans,LiberationSans-Bold,LiberationSans-BoldItalic,LiberationSans-Italic,LiberationSerif,OpenSymbol	Carlito-Regular,DejaVuSans,LiberationSans,LiberationSans-Bold,LiberationSans-BoldItalic,LiberationSans-Italic,OpenSymbol
slides/batch-015/ppt/2015-Civil-Rights-Website-training.ppt	DejaVuSans,DejaVuSans-Bold,LiberationMono,LiberationSans,LiberationSans-Bold,LiberationSans-Italic,LiberationSerif,LiberationSerif-Bold,LiberationSerif-BoldItalic,LiberationSerif-Italic,OpenSymbol	DejaVuSans,DejaVuSans-Bold,LiberationMono,LiberationSans,LiberationSans-Bold,LiberationSans-Italic,LiberationSerif,LiberationSerif-Bold,LiberationSerif-BoldItalic,LiberationSerif-Italic,OpenSymbol
slides/batch-015/ppt/Aerospace_Journey_of_Flight_Chapter_BCB1637572DA6.ppt	LiberationSans,LiberationSans-Bold,LiberationSans-BoldItalic,LiberationSerif-Bold	LiberationSans,LiberationSans-Bold,LiberationSans-BoldItalic
slides/batch-015/ppt/FAA_Form_337.ppt	DejaVuSans,DejaVuSans-Bold,DejaVuSerif-Bold,LiberationMono-Bold,LiberationMono-BoldItalic,LiberationMono-Italic,LiberationSans,LiberationSans-Bold,LiberationSans-BoldItalic,LiberationSans-Italic,LiberationSerif,LiberationSerif-Bold,LiberationSerif-BoldItalic,LiberationSerif-Italic,OpenSymbol	DejaVuSans,DejaVuSans-Bold,LiberationMono,LiberationMono-Bold,LiberationMono-BoldItalic,LiberationMono-Italic,LiberationSans,LiberationSans-Bold,LiberationSans-BoldItalic,LiberationSans-Italic,LiberationSerif,LiberationSerif-Bold,LiberationSerif-BoldItalic,LiberationSerif-Italic,OpenSymbol
slides/batch-015/ppt/hofman.ppt	LiberationSans,LiberationSans-Bold,LiberationSans-BoldItalic,LiberationSerif,LiberationSerif-Bold	LiberationSans,LiberationSans-Bold,LiberationSans-BoldItalic,LiberationSerif
slides/batch-015/pptx/PRM_training.pptx	Carlito-Regular,DejaVuSans,DejaVuSans-Bold,LiberationSans,LiberationSerif	Carlito-Regular,DejaVuSans,DejaVuSerif,DejaVuSerif-Bold,LiberationSans,LiberationSerif,OpenSymbol
slides/batch-015/pptx/chapter_4_0.pptx	DejaVuSans,DejaVuSans-Bold,LiberationSans,LiberationSans-Bold,LiberationSans-BoldItalic,LiberationSans-Italic,OpenSymbol	DejaVuSans,DejaVuSans-Bold,LiberationSans,LiberationSans-Bold,LiberationSans-BoldItalic,LiberationSans-Italic,OpenSymbol
slides/batch-015/pptx/redac-sas-201509-asisp-research.pptx	Carlito-Bold,Carlito-BoldItalic,Carlito-Italic,Carlito-Regular,DejaVuSans,DejaVuSerif,LiberationSans,LiberationSans-Bold,LiberationSans-BoldItalic,LiberationSans-Italic,LiberationSerif,OpenSymbol	Carlito-Bold,Carlito-BoldItalic,Carlito-Italic,Carlito-Regular,DejaVuSans,DejaVuSerif,LiberationSans,LiberationSans-Bold,LiberationSans-BoldItalic,LiberationSans-Italic,LiberationSerif,OpenSymbol
slides/batch-015/pptx/redac-sas-201703-hf-research-division.pptx	LiberationSans,LiberationSans-Bold	LiberationSans,LiberationSans-Bold,OpenSymbol
slides/batch-015/pptx/schematicplay.pptx	LiberationSans,LiberationSans-Bold,LiberationSans-Italic,OpenSymbol	LiberationSans,LiberationSans-Bold,LiberationSans-Italic,OpenSymbol
slides/batch-015/pptx/schematicplaymar21.pptx	LiberationSans,LiberationSans-Bold,LiberationSans-Italic,OpenSymbol	LiberationSans,LiberationSans-Bold,LiberationSans-Italic,OpenSymbol
slides/batch-016/ppt/pres_ioc_phuket.ppt	DejaVuSans,DejaVuSans-Bold,LiberationSans,LiberationSans-Bold,LiberationSans-BoldItalic,LiberationSerif,LiberationSerif-Bold,LiberationSerif-BoldItalic,OpenSymbol	DejaVuSans,DejaVuSans-Bold,LiberationSans,LiberationSans-Bold,LiberationSans-BoldItalic,LiberationSerif,LiberationSerif-Bold,LiberationSerif-BoldItalic,OpenSymbol
slides/batch-016/pptx/16 - UTM - (NASA).pptx	Carlito-Bold,Carlito-BoldItalic,Carlito-Italic,Carlito-Regular,DejaVuSans,DejaVuSans-Bold,LiberationMono,LiberationSans,LiberationSans-Bold,LiberationSans-BoldItalic,LiberationSans-Italic	Carlito-Bold,Carlito-BoldItalic,Carlito-Italic,Carlito-Regular,DejaVuSans,DejaVuSans-Bold,LiberationMono,LiberationSans,LiberationSans-Bold,LiberationSans-BoldItalic,LiberationSans-Italic
slides/batch-016/pptx/FAAAIandtheArtandScienceofV&Vfinal.pptx	DejaVuSans,DejaVuSans-Bold,LiberationSans,LiberationSans-Bold,LiberationSans-Italic,OpenSymbol	DejaVuSans,DejaVuSans-Bold,LiberationSans,LiberationSans-Bold,LiberationSans-Italic,OpenSymbol
slides/batch-016/pptx/Presentation - Identify Components of the Airport (1).pptx	Carlito-Bold,Carlito-Regular,DejaVuSans,DejaVuSans-Bold,LiberationSans,OpenSymbol	Carlito-Bold,Carlito-Regular,DejaVuSans,DejaVuSans-Bold,LiberationSans,OpenSymbol
slides/batch-016/pptx/Reporting_responsibilities_matrix.pptx	Carlito-Bold,Carlito-Regular	Carlito-Bold,Carlito-Regular,OpenSymbol
slides/batch-016/pptx/Snowbirds_High_Show.pptx	LiberationSans,LiberationSerif,LiberationSerif-Bold,LiberationSerif-Italic	LiberationSans,LiberationSerif,LiberationSerif-Bold,LiberationSerif-Italic,OpenSymbol
slides/batch-016/pptx/Technical_Report_Elements[1].pptx	LiberationSans,LiberationSans-Bold,LiberationSans-BoldItalic,LiberationSans-Italic	LiberationSans,LiberationSans-Bold,LiberationSans-BoldItalic,LiberationSans-Italic,OpenSymbol
slides/batch-016/pptx/redac-nasops-201503-RIRP-portfolio-update.pptx	Carlito-Bold,DejaVuSans-Bold,LiberationSans,LiberationSans-Bold,LiberationSans-BoldItalic,LiberationSans-Italic,LiberationSerif,LiberationSerif-Bold,LiberationSerif-BoldItalic,OpenSymbol	Carlito-Bold,DejaVuSans-Bold,LiberationSans,LiberationSans-Bold,LiberationSans-BoldItalic,LiberationSans-Italic,LiberationSerif,LiberationSerif-Bold,OpenSymbol
slides/batch-016/pptx/servicedesk-plus-overviewfinal.pptx	DejaVuSans,DejaVuSans-Bold,LiberationSans	DejaVuSans,DejaVuSans-Bold,LiberationSans,Roboto-Bold,Roboto-Light,Roboto-MediumItalic,Roboto-Regular,Roboto-ThinItalic
slides/batch-016/pptx/vvsummit2022-Research-Roadmap-and-the-UML-3-Operational-Integration-Assessment.pptx	Carlito-Bold,Carlito-Italic,Carlito-Regular,LiberationSans	Carlito-Bold,Carlito-Italic,Carlito-Regular,LiberationSans
slides/batch-017/ppt/Architecture.ppt	DejaVuSans,LiberationSans,LiberationSans-Bold,LiberationSerif	DejaVuSerif,LiberationSans,LiberationSans-Bold,LiberationSerif
slides/batch-017/pptx/1200-Assigning-Club-officers.pptx	Carlito-Bold,Carlito-BoldItalic,Carlito-Regular,DejaVuSans,DejaVuSans-Bold,LiberationSans,LiberationSans-Bold	Carlito-Bold,Carlito-BoldItalic,Carlito-Regular,DejaVuSans,DejaVuSans-Bold,LiberationSans,LiberationSans-Bold
slides/batch-017/pptx/Demick_JetBlue.pptx	Carlito-Regular,DejaVuSerif,DejaVuSerif-Bold,OpenSymbol	Carlito-Regular,DejaVuSerif,DejaVuSerif-Bold,OpenSymbol
slides/batch-017/pptx/RPA P4 - Advanced Material.pptx	DejaVuSans,LiberationSans,LiberationSans-Bold,LiberationSerif,LiberationSerif-Bold	DejaVuSans,LiberationSans,LiberationSans-Bold,LiberationSerif,LiberationSerif-Bold,OpenSymbol
slides/batch-017/pptx/Wildlife for REDAC September 11.pptx	Carlito-Bold,Carlito-Italic,Carlito-Regular,DejaVuSans-Bold,LiberationSans,LiberationSans-Bold,LiberationSans-Italic,LiberationSerif,LiberationSerif-Bold,LiberationSerif-Italic,OpenSymbol	Carlito-Bold,Carlito-Italic,Carlito-Regular,DejaVuSans-Bold,LiberationSans,LiberationSans-Bold,LiberationSans-Italic,LiberationSerif,LiberationSerif-Bold,LiberationSerif-Italic,OpenSymbol
