doc	page	diff_px	xmin	xmax	width	ink_tagged	ink_untagged
2015-19 top 25 Arms producing companies data - to upload on website - FINAL_edit__xlsx.pdf	2	3666	42	422	497	31114	33953
2015-19 top 25 Arms producing companies data - to upload on website - FINAL_edit__xlsx.pdf	3	518	42	133	497	21307	21703
2015-19 top 25 Arms producing companies data - to upload on website - FINAL_edit__xlsx.pdf	6	1874	42	383	497	35368	36790
2015-19 top 25 Arms producing companies data - to upload on website - FINAL_edit__xlsx.pdf	7	127	42	77	497	23968	24064
2015-19 top 25 Arms producing companies data - to upload on website - FINAL_edit__xlsx.pdf	9	2331	42	400	497	35058	36822
2015-19 top 25 Arms producing companies data - to upload on website - FINAL_edit__xlsx.pdf	10	204	44	104	497	25837	25990
2015-19 top 25 Arms producing companies data - to upload on website - FINAL_edit__xlsx.pdf	13	2450	42	384	497	33900	35751
2015-19 top 25 Arms producing companies data - to upload on website - FINAL_edit__xlsx.pdf	14	317	42	137	497	26196	26433
2015-19 top 25 Arms producing companies data - to upload on website - FINAL_edit__xlsx.pdf	17	2342	42	382	497	33811	35610
2015-19 top 25 Arms producing companies data - to upload on website - FINAL_edit__xlsx.pdf	18	294	42	131	497	26326	26545
2023-qhp-form-and-rate-combined-checklist-final__xlsx.pdf	4	481	42	155	510	47082	47497
2023-qhp-form-and-rate-combined-checklist-final__xlsx.pdf	7	325	43	75	510	30010	30273
2023-qhp-form-and-rate-combined-checklist-final__xlsx.pdf	8	380	43	106	510	39741	40046
2023-qhp-form-and-rate-combined-checklist-final__xlsx.pdf	29	402	42	147	510	10690	11019
2023-qhp-form-and-rate-combined-checklist-final__xlsx.pdf	48	1529	42	462	510	66461	67721
2023-qhp-form-and-rate-combined-checklist-final__xlsx.pdf	67	26	42	50	510	11358	11377
7-memento-2015-transports-aeriens-b__xls.pdf	5	814	47	140	497	23236	23930
7-memento-2015-transports-aeriens-b__xls.pdf	6	922	47	154	497	29370	30170
7-memento-2015-transports-aeriens-b__xls.pdf	7	4114	47	317	497	0	2692
7-memento-2015-transports-aeriens-b__xls.pdf	11	24	44	46	497	0	18
7-memento-2015-transports-aeriens-b__xls.pdf	12	288	44	90	497	0	182
7-memento-2015-transports-aeriens-b__xls.pdf	27	1408	47	202	497	12567	13779
7-memento-2015-transports-aeriens-b__xls.pdf	28	2723	47	266	497	0	1865
7-memento-2015-transports-aeriens-b__xls.pdf	35	1184	44	182	497	12331	13333
7-memento-2015-transports-aeriens-b__xls.pdf	36	660	44	191	497	0	552
7-memento-2015-transports-aeriens-b__xls.pdf	37	1320	44	191	497	0	1104
7-memento-2015-transports-aeriens-b__xls.pdf	38	1320	44	191	497	0	1104
7-memento-2015-transports-aeriens-b__xls.pdf	39	660	44	191	497	0	552
7-memento-2015-transports-aeriens-b__xls.pdf	40	4695	44	332	497	0	2933
7-memento-2015-transports-aeriens-b__xls.pdf	42	228	44	105	497	13346	13494
7-memento-2015-transports-aeriens-b__xls.pdf	44	3596	44	447	497	11288	13479
7-memento-2015-transports-aeriens-b__xls.pdf	45	955	44	219	497	11522	12141
7-memento-2015-transports-aeriens-b__xls.pdf	49	292	44	106	497	34649	34894
7-memento-2015-transports-aeriens-b__xls.pdf	50	1564	44	447	497	12983	13959
7-memento-2015-transports-aeriens-b__xls.pdf	52	895	44	292	497	12365	12902
7-memento-2015-transports-aeriens-b__xls.pdf	60	392	44	157	497	0	242
7-memento-2015-transports-aeriens-b__xls.pdf	64	1686	44	387	497	33741	34774
7-memento-2015-transports-aeriens-b__xls.pdf	67	2264	44	446	497	8271	9729
7-memento-2015-transports-aeriens-b__xls.pdf	68	1444	44	447	497	8447	9322
7-memento-2015-transports-aeriens-b__xls.pdf	69	1219	44	398	497	2577	3324
7-memento-2015-transports-aeriens-b__xls.pdf	73	174	44	92	497	11669	11772
7-memento-2015-transports-aeriens-b__xls.pdf	83	1633	44	447	497	15665	16650
7-memento-2015-transports-aeriens-b__xls.pdf	85	1234	46	411	497	16864	17636
7-memento-2015-transports-aeriens-b__xls.pdf	91	438	44	129	497	38139	38443
7-memento-2015-transports-aeriens-b__xls.pdf	96	599	47	182	497	30955	31451
7-memento-2015-transports-aeriens-b__xls.pdf	99	618	47	199	497	27313	27830
7-memento-2015-transports-aeriens-b__xls.pdf	102	635	47	201	497	24288	24807
7-memento-2015-transports-aeriens-b__xls.pdf	106	1025	44	244	497	40333	41039
7-memento-2015-transports-aeriens-b__xls.pdf	114	46	44	56	497	15930	15958
7-memento-2015-transports-aeriens-b__xls.pdf	124	1435	44	414	497	36028	36891
7-memento-2015-transports-aeriens-b__xls.pdf	125	1266	44	414	497	37822	38592
7-memento-2015-transports-aeriens-b__xls.pdf	126	1192	44	414	497	38012	38784
7-memento-2015-transports-aeriens-b__xls.pdf	127	1232	44	414	497	37687	38472
7-memento-2015-transports-aeriens-b__xls.pdf	128	625	44	218	497	25525	25914
7-memento-2015-transports-aeriens-b__xls.pdf	131	1096	44	280	497	39081	40019
7-memento-2015-transports-aeriens-b__xls.pdf	132	161	44	90	497	1808	1917
7-memento-2015-transports-aeriens-b__xls.pdf	140	171	44	77	497	29157	29306
7-memento-2015-transports-aeriens-b__xls.pdf	145	1633	44	414	497	25503	26914
7-memento-2015-transports-aeriens-b__xls.pdf	146	99	44	65	497	25717	25800
7-memento-2015-transports-aeriens-b__xls.pdf	151	890	47	253	497	27180	27950
7-memento-2015-transports-aeriens-b__xls.pdf	152	100	47	78	497	22796	22864
7-memento-2015-transports-aeriens-b__xls.pdf	159	690	47	203	497	32650	33262
7-memento-2015-transports-aeriens-b__xls.pdf	160	100	47	78	497	28996	29064
7-memento-2015-transports-aeriens-b__xls.pdf	167	962	47	260	497	33128	33961
7-memento-2015-transports-aeriens-b__xls.pdf	168	100	47	78	497	29064	29132
7-memento-2015-transports-aeriens-b__xls.pdf	178	807	44	125	497	0	509
7-memento-2015-transports-aeriens-b__xls.pdf	184	3150	42	444	497	14448	16411
7-memento-2015-transports-aeriens-b__xls.pdf	185	1792	42	444	497	14381	15510
7-memento-2015-transports-aeriens-b__xls.pdf	186	1303	42	425	497	4330	5139
7-memento-2015-transports-aeriens-b__xls.pdf	187	164	42	82	497	0	94
7-memento-2015-transports-aeriens-b__xls.pdf	189	3024	42	411	497	1895	3790
7-memento-2015-transports-aeriens-b__xls.pdf	190	1722	42	404	497	0	1088
Air_Boss_Master_List__xlsx.pdf	5	306	42	115	497	0	232
Aircraft_Database__xlsx.pdf	4	242	42	110	497	5619	5805
Aircraft_Database__xlsx.pdf	42	1772	42	410	497	0	1507
Aircraft_Database__xlsx.pdf	43	1746	42	410	497	0	1477
Aircraft_Database__xlsx.pdf	44	1043	42	264	497	0	874
Aircraft_Database__xlsx.pdf	50	774	42	111	497	0	641
Aircraft_Database__xlsx.pdf	61	23	42	46	497	0	18
Aircraft_Database__xlsx.pdf	66	7278	42	410	497	0	6014
Aircraft_Database__xlsx.pdf	67	234	42	90	497	0	187
Aircraft_Database__xlsx.pdf	76	6403	42	307	497	0	5222
Aircraft_Database__xlsx.pdf	83	15738	42	410	497	0	12914
Aircraft_Database__xlsx.pdf	84	468	42	86	497	0	395
Aircraft_Database__xlsx.pdf	86	4363	41	315	993	0	3518
Aircraft_Database__xlsx.pdf	91	11539	42	410	497	0	9508
Aircraft_Database__xlsx.pdf	92	3063	42	163	497	0	2641
Aircraft_Database__xlsx.pdf	99	7425	42	258	497	0	6171
Aircraft_Database__xlsx.pdf	104	1425	42	295	497	0	1183
Aircraft_Database__xlsx.pdf	115	3311	42	290	497	0	2750
Aircraft_Database__xlsx.pdf	119	97	42	61	497	0	80
CIS_Debian_Linux_8_Benchmark_v1.0.0__xls.pdf	9	1333	43	445	510	3563	4641
CIS_Debian_Linux_8_Benchmark_v1.0.0__xls.pdf	10	1342	42	445	510	45605	46776
CIS_Debian_Linux_8_Benchmark_v1.0.0__xls.pdf	11	5583	42	445	510	43093	47724
CIS_Debian_Linux_8_Benchmark_v1.0.0__xls.pdf	12	9261	42	445	510	40897	48519
CIS_Debian_Linux_8_Benchmark_v1.0.0__xls.pdf	13	3410	42	445	510	42482	45329
CIS_Debian_Linux_8_Benchmark_v1.0.0__xls.pdf	14	3015	42	445	510	43907	46554
CIS_Debian_Linux_8_Benchmark_v1.0.0__xls.pdf	16	1632	42	462	510	0	1347
CIS_Debian_Linux_8_Benchmark_v1.0.0__xls.pdf	17	22833	42	462	510	0	18867
CIS_Debian_Linux_8_Benchmark_v1.0.0__xls.pdf	18	16811	42	462	510	0	13535
CIS_Debian_Linux_8_Benchmark_v1.0.0__xls.pdf	19	27542	42	462	510	0	22211
CIS_Debian_Linux_8_Benchmark_v1.0.0__xls.pdf	20	30853	42	462	510	0	24497
CIS_Debian_Linux_8_Benchmark_v1.0.0__xls.pdf	21	24321	42	462	510	0	19292
CIS_Debian_Linux_8_Benchmark_v1.0.0__xls.pdf	22	10954	42	462	510	0	8680
CIS_Debian_Linux_8_Benchmark_v1.0.0__xls.pdf	23	1368	42	462	510	0	1124
CIS_Debian_Linux_8_Benchmark_v1.0.0__xls.pdf	24	5124	42	462	510	0	4160
CIS_Debian_Linux_8_Benchmark_v1.0.0__xls.pdf	25	6491	42	462	510	0	5249
CIS_Debian_Linux_8_Benchmark_v1.0.0__xls.pdf	26	7952	42	462	510	0	6403
CIS_Debian_Linux_8_Benchmark_v1.0.0__xls.pdf	27	7698	42	462	510	0	6171
CIS_Debian_Linux_8_Benchmark_v1.0.0__xls.pdf	28	10209	42	462	510	0	8057
CIS_Debian_Linux_8_Benchmark_v1.0.0__xls.pdf	29	7428	42	462	510	0	5841
CIS_Debian_Linux_8_Benchmark_v1.0.0__xls.pdf	30	1381	42	462	510	0	1115
CIS_Debian_Linux_8_Benchmark_v1.0.0__xls.pdf	31	1703	42	462	510	0	1402
CIS_Debian_Linux_8_Benchmark_v1.0.0__xls.pdf	32	3074	42	462	510	0	2495
CIS_Debian_Linux_8_Benchmark_v1.0.0__xls.pdf	33	3922	42	462	510	0	3175
CIS_Debian_Linux_8_Benchmark_v1.0.0__xls.pdf	34	2090	42	323	510	0	1669
CIS_Debian_Linux_8_Benchmark_v1.0.0__xls.pdf	35	7683	42	462	510	0	6116
CIS_Debian_Linux_8_Benchmark_v1.0.0__xls.pdf	36	1092	42	234	510	0	873
CIS_Debian_Linux_8_Benchmark_v1.0.0__xls.pdf	37	1395	42	455	510	0	1146
CIS_Debian_Linux_8_Benchmark_v1.0.0__xls.pdf	38	265	42	121	510	0	218
CIS_Debian_Linux_8_Benchmark_v1.0.0__xls.pdf	39	1951	42	444	510	0	1563
CIS_Debian_Linux_8_Benchmark_v1.0.0__xls.pdf	40	2700	42	462	510	0	2178
CIS_Debian_Linux_8_Benchmark_v1.0.0__xls.pdf	41	5740	42	462	510	0	4619
CIS_Debian_Linux_8_Benchmark_v1.0.0__xls.pdf	42	1344	47	462	510	0	1097
CIS_Debian_Linux_8_Benchmark_v1.0.0__xls.pdf	43	1536	42	462	510	0	1270
CIS_Debian_Linux_8_Benchmark_v1.0.0__xls.pdf	44	3629	42	462	510	0	2869
CIS_Debian_Linux_8_Benchmark_v1.0.0__xls.pdf	45	1364	42	462	510	0	1118
CIS_Debian_Linux_8_Benchmark_v1.0.0__xls.pdf	46	1658	42	462	510	0	1327
CIS_Debian_Linux_8_Benchmark_v1.0.0__xls.pdf	47	1372	42	462	510	0	1123
CIS_Debian_Linux_8_Benchmark_v1.0.0__xls.pdf	48	1431	42	462	510	0	1158
CIS_Debian_Linux_8_Benchmark_v1.0.0__xls.pdf	49	1365	44	462	510	0	1100
CIS_Debian_Linux_8_Benchmark_v1.0.0__xls.pdf	50	1388	42	462	510	0	1113
CIS_Debian_Linux_8_Benchmark_v1.0.0__xls.pdf	51	667	42	248	510	0	542
CIS_Debian_Linux_8_Benchmark_v1.0.0__xls.pdf	52	288	42	125	510	0	235
CIS_Debian_Linux_8_Benchmark_v1.0.0__xls.pdf	56	1327	43	445	510	3330	4463
CIS_Debian_Linux_8_Benchmark_v1.0.0__xls.pdf	57	12188	42	445	510	33846	43890
CIS_Debian_Linux_8_Benchmark_v1.0.0__xls.pdf	58	10440	42	445	510	15530	24128
CIS_Debian_Linux_8_Benchmark_v1.0.0__xls.pdf	59	1329	42	462	510	0	1102
CIS_Debian_Linux_8_Benchmark_v1.0.0__xls.pdf	60	26335	42	462	510	0	21281
CIS_Debian_Linux_8_Benchmark_v1.0.0__xls.pdf	61	14595	42	462	510	0	11782
CIS_Debian_Linux_8_Benchmark_v1.0.0__xls.pdf	62	1368	42	462	510	0	1124
CIS_Debian_Linux_8_Benchmark_v1.0.0__xls.pdf	63	17491	42	462	510	0	13853
CIS_Debian_Linux_8_Benchmark_v1.0.0__xls.pdf	64	10007	42	462	510	0	7978
CIS_Debian_Linux_8_Benchmark_v1.0.0__xls.pdf	65	1381	42	462	510	0	1115
CIS_Debian_Linux_8_Benchmark_v1.0.0__xls.pdf	66	15502	42	462	510	0	12435
CIS_Debian_Linux_8_Benchmark_v1.0.0__xls.pdf	67	4848	42	462	510	0	3879
CIS_Debian_Linux_8_Benchmark_v1.0.0__xls.pdf	68	1395	42	455	510	0	1146
CIS_Debian_Linux_8_Benchmark_v1.0.0__xls.pdf	69	13172	42	462	510	0	10550
CIS_Debian_Linux_8_Benchmark_v1.0.0__xls.pdf	70	1338	42	462	510	0	1104
CIS_Debian_Linux_8_Benchmark_v1.0.0__xls.pdf	71	1344	47	462	510	0	1097
CIS_Debian_Linux_8_Benchmark_v1.0.0__xls.pdf	72	9629	42	462	510	0	7677
CIS_Debian_Linux_8_Benchmark_v1.0.0__xls.pdf	73	1425	42	462	510	0	1134
CIS_Debian_Linux_8_Benchmark_v1.0.0__xls.pdf	74	1364	42	462	510	0	1118
CIS_Debian_Linux_8_Benchmark_v1.0.0__xls.pdf	75	8317	42	462	510	0	6686
CIS_Debian_Linux_8_Benchmark_v1.0.0__xls.pdf	76	1422	42	462	510	0	1145
CIS_Debian_Linux_8_Benchmark_v1.0.0__xls.pdf	77	1372	42	462	510	0	1123
CIS_Debian_Linux_8_Benchmark_v1.0.0__xls.pdf	78	6497	42	462	510	0	5190
CIS_Debian_Linux_8_Benchmark_v1.0.0__xls.pdf	79	1431	42	462	510	0	1158
CIS_Debian_Linux_8_Benchmark_v1.0.0__xls.pdf	80	1365	44	462	510	0	1100
CIS_Debian_Linux_8_Benchmark_v1.0.0__xls.pdf	81	5539	42	462	510	0	4434
CIS_Debian_Linux_8_Benchmark_v1.0.0__xls.pdf	82	1388	42	462	510	0	1113
CIS_Debian_Linux_8_Benchmark_v1.0.0__xls.pdf	83	667	42	248	510	0	542
CIS_Debian_Linux_8_Benchmark_v1.0.0__xls.pdf	84	4694	42	462	510	0	3713
CIS_Debian_Linux_8_Benchmark_v1.0.0__xls.pdf	85	288	42	125	510	0	235
CIS_Debian_Linux_8_Benchmark_v1.0.0__xls.pdf	86	2789	42	462	510	0	2175
CIS_Debian_Linux_8_Benchmark_v1.0.0__xls.pdf	87	2762	42	462	510	0	2194
CIS_Debian_Linux_8_Benchmark_v1.0.0__xls.pdf	88	1558	42	294	510	0	1229
Company_Seniority_Date_Calculator__xlsx.pdf	3	5466	42	370	510	1472	5650
Company_Seniority_Date_Calculator__xlsx.pdf	6	1399	42	292	510	4420	5502
Company_Seniority_Date_Calculator__xlsx.pdf	7	492	42	167	510	1646	2047
EASA-IFP-145Scope(WEB)_ALL_ValidF145SOA_2022-12-16-04-31-58_0__xlsx.pdf	105	279	42	108	497	0	195
EASA-IFP-145Scope(WEB)_ALL_ValidF145SOA_2022-12-16-04-31-58_0__xlsx.pdf	106	279	42	108	497	0	195
EASA-IFP-145Scope(WEB)_ALL_ValidF145SOA_2022-12-16-04-31-58_0__xlsx.pdf	107	279	42	108	497	0	195
EASA-IFP-145Scope(WEB)_ALL_ValidF145SOA_2022-12-16-04-31-58_0__xlsx.pdf	108	279	42	108	497	0	195
EASA-IFP-145Scope(WEB)_ALL_ValidF145SOA_2022-12-16-04-31-58_0__xlsx.pdf	109	279	42	108	497	0	195
EASA-IFP-145Scope(WEB)_ALL_ValidF145SOA_2022-12-16-04-31-58_0__xlsx.pdf	110	279	42	108	497	0	195
EASA-IFP-145Scope(WEB)_ALL_ValidF145SOA_2022-12-16-04-31-58_0__xlsx.pdf	111	279	42	108	497	0	195
EASA-IFP-145Scope(WEB)_ALL_ValidF145SOA_2022-12-16-04-31-58_0__xlsx.pdf	112	279	42	108	497	0	195
EASA-IFP-145Scope(WEB)_ALL_ValidF145SOA_2022-12-16-04-31-58_0__xlsx.pdf	113	279	42	108	497	0	195
EASA-IFP-145Scope(WEB)_ALL_ValidF145SOA_2022-12-16-04-31-58_0__xlsx.pdf	114	279	42	108	497	0	195
Infotabelle_WLAN im Flugzeug__xlsx.pdf	2	1467	42	279	497	13565	14784
Infotabelle_WLAN im Flugzeug__xlsx.pdf	3	838	42	280	497	13112	13783
Infotabelle_WLAN im Flugzeug__xlsx.pdf	4	219	42	97	497	16661	16839
NorwegianXPensionXFundXanalysisXexportsXandXLAWS-1__xls.pdf	4	1583	42	403	497	3135	4623
NorwegianXPensionXFundXanalysisXexportsXandXLAWS-1__xls.pdf	5	268	42	125	497	0	250
PBN Matrix NAAs (V01)__xlsx.pdf	6	2980	42	460	497	34509	34514
PBN Matrix NAAs (V01)__xlsx.pdf	8	27638	43	457	497	17228	17224
PBN Matrix NAAs (V01)__xlsx.pdf	11	6148	43	452	497	8623	8607
PBN Matrix NAAs (V01)__xlsx.pdf	15	29210	43	457	497	15899	15918
PBN Matrix NAAs (V01)__xlsx.pdf	19	9852	43	404	497	23966	23915
PBN Matrix NAAs (V01)__xlsx.pdf	20	24076	43	455	497	12995	12977
PBN Matrix NAAs (V01)__xlsx.pdf	24	16903	43	453	497	10257	10238
PBN Matrix NAAs (V01)__xlsx.pdf	25	25592	43	454	497	14503	14485
Performance__xlsx.pdf	12	1215	42	101	497	10145	11124
Performance__xlsx.pdf	13	44	42	52	497	0	37
Praktikastellen_-_chinesischsprachiger_Kulturraum__xls.pdf	25	79	42	62	497	1379	1448
Praktikastellen_-_chinesischsprachiger_Kulturraum__xls.pdf	34	574	42	194	497	0	472
RCO_VOR_Master_List_082824__xlsx.pdf	73	17823	42	462	510	0	12832
RCO_VOR_Master_List_082824__xlsx.pdf	74	13722	42	462	510	0	9577
RCO_VOR_Master_List_082824__xlsx.pdf	75	204	42	101	510	0	144
RCO_VOR_Master_List_082824__xlsx.pdf	76	1870	42	462	510	0	1258
RCO_VOR_Master_List_082824__xlsx.pdf	77	140	42	92	510	0	107
SIL_TDB605__xls.pdf	7	1238	42	216	510	2490	3459
SIL_TDB605__xls.pdf	11	1048	43	119	510	10682	11560
SIL_TDB605__xls.pdf	12	1892	43	218	510	12073	13674
SIL_TDB605__xls.pdf	13	311	43	137	510	3123	3380
SIL_TDB605__xls.pdf	24	58	45	56	510	4673	4722
SIL_TDB605__xls.pdf	34	236	45	81	510	2268	2460
SIL_TDB605__xls.pdf	37	49	45	55	510	1739	1781
SIL_TDB605__xls.pdf	39	52	45	56	510	310	353
SIL_TDB605__xls.pdf	44	372	45	114	510	2267	2589
SIL_TDB609__xls.pdf	7	1238	42	216	510	2490	3459
SIL_TDB609__xls.pdf	11	1048	43	119	510	10855	11733
SIL_TDB609__xls.pdf	12	1892	43	218	510	12035	13636
SIL_TDB609__xls.pdf	13	311	43	137	510	2869	3126
SIL_TDB609__xls.pdf	24	58	45	56	510	2884	2933
SIL_TDB609__xls.pdf	40	236	45	81	510	3398	3590
SIL_TDB609__xls.pdf	43	49	45	55	510	2362	2404
SIL_TDB609__xls.pdf	45	52	45	56	510	310	353
SIL_TDB609__xls.pdf	50	372	45	114	510	3393	3715
SIL_TDB648__xlsx.pdf	32	5562	45	371	510	80	4457
SIL_TDB648__xlsx.pdf	36	77	42	58	497	10143	10209
SIL_TDB648__xlsx.pdf	40	3163	42	308	497	0	2485
SIL_TDB648__xlsx.pdf	56	891	145	233	510	6221	6230
SIL_TDB648__xlsx.pdf	71	1248	42	215	510	1871	2840
SIL_TDB648__xlsx.pdf	85	539	46	120	510	3480	3489
SSRO_Quarterly_Statistical_Bulletin_Q3201617_DATA__xlsx.pdf	3	1865	42	329	497	10813	12418
SSRO_Quarterly_Statistical_Bulletin_Q3201617_DATA__xlsx.pdf	4	100	42	65	497	0	82
TK-Syllabus-Comparison-Document-v2__xlsx.pdf	389	555	42	205	497	24012	24447
TK-Syllabus-Comparison-Document-v2__xlsx.pdf	410	1463	42	442	497	65275	66431
TK-Syllabus-Comparison-Document-v2__xlsx.pdf	431	169	42	90	497	26128	26259
TK-Syllabus-Comparison-Document-v2__xlsx.pdf	1050	796	42	261	497	29558	30183
TK-Syllabus-Comparison-Document-v2__xlsx.pdf	1088	1196	42	375	497	53666	54611
TK-Syllabus-Comparison-Document-v2__xlsx.pdf	1218	687	42	231	497	63152	63695
TOGAF9-Tool-ConfReqts-CSQ__xls.pdf	23	251	42	109	497	0	191
alle einzeln__xlsx.pdf	5	170	228	247	497	32196	32210
ans_mappings_of_eccairs_terms__xlsx.pdf	2	62986	90	389	497	25744	26416
ans_mappings_of_eccairs_terms__xlsx.pdf	3	9363	90	384	497	23075	23296
ans_mappings_of_eccairs_terms__xlsx.pdf	4	8428	90	310	497	20693	20772
ans_mappings_of_eccairs_terms__xlsx.pdf	5	1642	92	310	497	2441	1469
ans_mappings_of_eccairs_terms__xlsx.pdf	7	43931	45	367	497	17063	17773
ans_mappings_of_eccairs_terms__xlsx.pdf	8	28130	45	367	497	17448	17392
ans_mappings_of_eccairs_terms__xlsx.pdf	9	23909	45	367	497	15765	16084
ans_mappings_of_eccairs_terms__xlsx.pdf	10	4798	45	367	497	2752	1779
ans_mappings_of_eccairs_terms__xlsx.pdf	12	70221	45	332	497	28504	29343
ans_mappings_of_eccairs_terms__xlsx.pdf	13	45678	47	332	497	29798	30003
ans_mappings_of_eccairs_terms__xlsx.pdf	14	40092	47	332	497	25126	25303
ans_mappings_of_eccairs_terms__xlsx.pdf	15	4333	45	332	497	3103	1882
ans_mappings_of_eccairs_terms__xlsx.pdf	17	81932	44	495	497	31132	31373
ans_mappings_of_eccairs_terms__xlsx.pdf	18	70423	46	495	497	26878	27365
ans_mappings_of_eccairs_terms__xlsx.pdf	19	68921	45	496	497	27406	28178
ans_mappings_of_eccairs_terms__xlsx.pdf	20	6190	45	426	497	3620	2085
ans_mappings_of_eccairs_terms__xlsx.pdf	21	1610	44	449	497	46345	47465
ans_mappings_of_eccairs_terms__xlsx.pdf	22	100559	45	449	497	42618	45433
ans_mappings_of_eccairs_terms__xlsx.pdf	23	18394	45	422	497	54094	53490
ans_mappings_of_eccairs_terms__xlsx.pdf	24	22166	44	449	497	50519	51569
ans_mappings_of_eccairs_terms__xlsx.pdf	25	3995	45	449	497	4649	1545
ans_mappings_of_eccairs_terms__xlsx.pdf	26	9572	44	128	497	0	7208
ans_mappings_of_eccairs_terms__xlsx.pdf	27	2172	44	128	497	0	1614
ans_mappings_of_eccairs_terms__xlsx.pdf	28	6337	44	95	497	0	5072
ans_mappings_of_eccairs_terms__xlsx.pdf	29	275	44	95	497	0	220
ans_mappings_of_eccairs_terms__xlsx.pdf	152	5047	112	147	497	5308	5434
ans_mappings_of_eccairs_terms__xlsx.pdf	153	5102	113	147	497	5167	5163
ans_mappings_of_eccairs_terms__xlsx.pdf	154	5677	112	147	497	5150	5159
ans_mappings_of_eccairs_terms__xlsx.pdf	155	5307	112	147	497	5276	5261
ans_mappings_of_eccairs_terms__xlsx.pdf	156	5053	113	147	497	5145	5133
ans_mappings_of_eccairs_terms__xlsx.pdf	157	5507	113	147	497	5093	5105
ans_mappings_of_eccairs_terms__xlsx.pdf	158	5465	113	147	497	5295	5299
ans_mappings_of_eccairs_terms__xlsx.pdf	159	6217	113	147	497	5090	5095
ans_mappings_of_eccairs_terms__xlsx.pdf	160	5522	112	147	497	5225	5227
ans_mappings_of_eccairs_terms__xlsx.pdf	161	4406	112	147	497	5313	5308
ans_mappings_of_eccairs_terms__xlsx.pdf	162	4764	112	147	497	5473	5462
ans_mappings_of_eccairs_terms__xlsx.pdf	163	5763	113	147	497	5060	5060
ans_mappings_of_eccairs_terms__xlsx.pdf	164	5005	112	147	497	4917	4806
ans_mappings_of_eccairs_terms__xlsx.pdf	167	22824	45	273	497	17899	18285
ans_mappings_of_eccairs_terms__xlsx.pdf	168	29365	45	435	497	21828	21703
ans_mappings_of_eccairs_terms__xlsx.pdf	169	27157	45	352	497	19781	19879
ans_mappings_of_eccairs_terms__xlsx.pdf	170	22010	45	238	497	15514	15557
ans_mappings_of_eccairs_terms__xlsx.pdf	171	23448	45	403	497	15486	15691
ans_mappings_of_eccairs_terms__xlsx.pdf	172	25719	45	331	497	17662	17366
ans_mappings_of_eccairs_terms__xlsx.pdf	173	24623	45	277	497	14657	14740
ans_mappings_of_eccairs_terms__xlsx.pdf	174	24325	45	435	497	18125	18124
ans_mappings_of_eccairs_terms__xlsx.pdf	175	23637	45	320	497	14890	14804
ans_mappings_of_eccairs_terms__xlsx.pdf	176	18444	45	260	497	11440	11392
ans_mappings_of_eccairs_terms__xlsx.pdf	177	18563	45	223	497	12460	12587
ans_mappings_of_eccairs_terms__xlsx.pdf	178	32882	45	435	497	19665	19810
ans_mappings_of_eccairs_terms__xlsx.pdf	179	21183	45	266	497	12958	12421
ans_mappings_of_eccairs_terms__xlsx.pdf	180	96	44	64	497	0	69
ans_mappings_of_eccairs_terms__xlsx.pdf	181	29	44	50	497	0	22
ans_mappings_of_eccairs_terms__xlsx.pdf	182	206	44	79	497	0	142
ans_mappings_of_eccairs_terms__xlsx.pdf	191	298	44	123	497	0	227
certification-type-certificates-docs-tcdns-databases-MAdB-Rotorcraft-14-28112013__xlsx.pdf	81	406	45	66	510	290	572
certification-type-certificates-docs-tcdns-databases-MAdB-Rotorcraft-14-28112013__xlsx.pdf	82	90	45	71	510	290	356
edb-emissions-databank v27-NewFormat (web)__xlsx.pdf	309	1653	42	269	497	166954	168140
edb-emissions-databank v27-NewFormat (web)__xlsx.pdf	311	364	42	98	497	161849	161849
edb-emissions-databank v27-NewFormat (web)__xlsx.pdf	319	207	42	106	497	70633	70802
edb-emissions-databank v27-NewFormat (web)__xlsx.pdf	336	238	42	76	497	171282	171282
edb-emissions-databank v27-NewFormat (web)__xlsx.pdf	341	77	42	62	497	34021	34080
environment-edb-docs-edb-emissions-databank__xls.pdf	36	415	69	148	702	140254	140587
environment-edb-docs-edb-emissions-databank__xls.pdf	100	63	69	91	702	139466	139520
environment-edb-docs-edb-emissions-databank__xls.pdf	180	3326	69	364	702	87331	89604
environment-edb-docs-edb-emissions-databank__xls.pdf	181	232	69	137	702	93082	93273
environment-edb-docs-edb-emissions-databank__xls.pdf	187	1282	69	295	702	82914	83942
environment-edb-docs-edb-emissions-databank__xls.pdf	188	1148	69	295	702	53733	54658
environment-edb-docs-edb-emissions-databank__xls.pdf	191	320	69	109	702	125708	125708
environment-edb-docs-edb-emissions-databank__xls.pdf	193	948	70	205	702	107700	108482
environment-edb-docs-edb-emissions-databank__xls.pdf	194	457	69	201	702	82961	83317
essd-16-3433-2024-t02__xlsx.pdf	2	28191	42	443	510	0	21930
essd-16-3433-2024-t02__xlsx.pdf	3	13728	42	443	510	0	10763
essd-16-3433-2024-t02__xlsx.pdf	4	3255	42	373	510	0	2557
flightstandards-doc-Cross-reference-table_version02__xlsx.pdf	421	246	42	102	497	10356	10563
flightstandards-doc-Cross-reference-table_version02__xlsx.pdf	447	228	42	100	497	11757	11954
flightstandards-doc-Cross-reference-table_version02__xlsx.pdf	458	141	42	78	497	13180	13308
fm-provider-service-measures__xlsx.pdf	27	129	42	50	510	0	107
fse_identification_form__xlsx.pdf	3	273	732	777	840	10562	10562
fy20-may20-sep20__xlsx.pdf	96	916	112	365	510	880	1595
grants-2005__xls.pdf	157	1326	44	421	497	0	1042
grants-2005__xls.pdf	158	31	44	50	497	0	27
grants-2005__xls.pdf	159	168	44	86	497	0	133
grants-2005__xls.pdf	160	69	44	60	497	0	63
grants-2005__xls.pdf	161	1051	44	322	497	0	836
grants-2005__xls.pdf	162	728	44	221	497	0	588
grants-2005__xls.pdf	163	1429	44	421	497	0	1128
grants-2005__xls.pdf	164	1391	44	421	497	0	1101
grants-2005__xls.pdf	165	1400	44	421	497	0	1087
grants-2005__xls.pdf	166	2458	44	421	497	0	1941
grants-2005__xls.pdf	167	1359	44	421	497	0	1082
grants-2005__xls.pdf	168	1312	44	258	497	0	1042
grants-2005__xls.pdf	169	1437	44	421	497	0	1131
grants-2005__xls.pdf	170	2720	44	421	497	0	2158
grants-2005__xls.pdf	171	27	44	49	497	0	24
grants-2005__xls.pdf	172	1405	44	421	497	0	1136
grants-2005__xls.pdf	173	549	46	195	497	0	443
grants-2005__xls.pdf	174	1262	44	367	497	0	992
grants-2005__xls.pdf	175	1458	44	420	497	0	1115
grants-2005__xls.pdf	176	1322	44	421	497	0	1044
grants-2005__xls.pdf	177	1412	44	421	497	0	1132
grants-2005__xls.pdf	178	1483	44	421	497	0	1165
grants-2005__xls.pdf	179	890	44	274	497	0	708
grants-2005__xls.pdf	180	1424	44	421	497	0	1121
grants-2005__xls.pdf	181	1169	44	345	497	0	908
grants-2005__xls.pdf	182	1485	44	421	497	0	1161
grants-2005__xls.pdf	183	151	44	89	497	0	128
grants-2005__xls.pdf	184	429	44	165	497	0	338
grants-2005__xls.pdf	185	181	44	89	497	0	144
grants-2005__xls.pdf	186	1366	44	421	497	0	1058
grants-2005__xls.pdf	187	344	44	129	497	0	272
grants-2005__xls.pdf	188	1461	44	421	497	0	1118
grants-2005__xls.pdf	189	1399	44	421	497	0	1098
grants-2005__xls.pdf	190	183	44	85	497	0	139
grants-2005__xls.pdf	191	1290	44	421	497	0	989
grants-2005__xls.pdf	192	1408	44	421	497	0	1100
grants-2005__xls.pdf	193	1355	44	421	497	0	1061
grants-2005__xls.pdf	194	1328	44	421	497	0	1070
grants-2005__xls.pdf	195	1477	44	421	497	0	1141
grants-2005__xls.pdf	196	1385	44	420	497	0	1081
grants-2005__xls.pdf	197	964	44	321	497	0	737
grants-2005__xls.pdf	198	193	44	89	497	0	145
grants-2005__xls.pdf	199	1385	44	421	497	0	1099
grants-2005__xls.pdf	200	1352	44	421	497	0	1077
grants-2005__xls.pdf	201	1031	44	337	497	0	826
jobs-bulletin-51-22-december-2025__xlsx.pdf	4	2670	62	419	510	14932	17351
jobs-bulletin-51-22-december-2025__xlsx.pdf	7	775	60	208	510	12196	12865
jobs-bulletin-51-22-december-2025__xlsx.pdf	10	291	216	262	510	11774	12012
orbus_togaf_tool_csq__xls.pdf	60	22124	47	420	497	213	17281
orbus_togaf_tool_csq__xls.pdf	61	8683	47	420	497	211	6896
orbus_togaf_tool_csq__xls.pdf	62	10033	47	420	497	211	8007
orbus_togaf_tool_csq__xls.pdf	63	3980	47	420	497	215	3305
orbus_togaf_tool_csq__xls.pdf	64	11561	47	420	497	216	9160
orbus_togaf_tool_csq__xls.pdf	65	1362	47	202	497	215	1256
orbus_togaf_tool_csq__xls.pdf	66	2733	47	420	497	216	2294
orbus_togaf_tool_csq__xls.pdf	67	10019	47	420	497	208	8029
orbus_togaf_tool_csq__xls.pdf	68	4914	47	337	497	218	4036
orbus_togaf_tool_csq__xls.pdf	69	1567	47	229	497	214	1416
orbus_togaf_tool_csq__xls.pdf	70	1660	47	232	497	204	1462
orbus_togaf_tool_csq__xls.pdf	71	2197	47	260	497	202	1879
orbus_togaf_tool_csq__xls.pdf	72	1158	47	225	497	202	1132
orbus_togaf_tool_csq__xls.pdf	73	84	47	70	497	206	274
orbus_togaf_tool_csq__xls.pdf	74	351	47	139	497	207	469
orbus_togaf_tool_csq__xls.pdf	75	2863	47	232	497	206	2411
sistem-rekod-markah-srm-_-rekod-master__xlsx.pdf	5	94	42	70	497	5400	5473
sistem-rekod-markah-srm-_-rekod-master__xlsx.pdf	6	96	42	62	497	41	131
sistem-rekod-markah-srm-_-rekod-master__xlsx.pdf	11	94	42	70	497	5400	5473
sistem-rekod-markah-srm-_-rekod-master__xlsx.pdf	12	96	42	62	497	41	131
sistem-rekod-markah-srm-_-rekod-master__xlsx.pdf	17	94	42	70	497	5402	5475
sistem-rekod-markah-srm-_-rekod-master__xlsx.pdf	18	96	42	62	497	41	131
sistem-rekod-markah-srm-_-rekod-master__xlsx.pdf	23	94	42	70	497	5400	5473
sistem-rekod-markah-srm-_-rekod-master__xlsx.pdf	24	96	42	62	497	41	131
sistem-rekod-markah-srm-_-rekod-master__xlsx.pdf	29	94	42	70	497	5400	5473
sistem-rekod-markah-srm-_-rekod-master__xlsx.pdf	30	96	42	62	497	41	131
